age,height,weight,gender,status
7,94,20,F,fit
9,117,18,F,not_fit
20,181,102,M,not_fit
6,112,34,F,not_fit
11,149,39,F,fit
36,162,79,F,not_fit
22,156,74,M,not_fit
24,184,109,F,not_fit
28,168,78,F,not_fit
32,150,81,M,not_fit
20,169,47,F,fit
32,187,79,F,fit
28,179,89,F,not_fit
14,137,70,F,not_fit
12,174,54,M,fit
5,113,22,F,fit
34,181,91,F,not_fit
27,186,77,M,fit
5,97,26,M,not_fit
5,123,26,M,fit
31,182,98,F,not_fit
29,176,69,M,fit
33,173,91,M,not_fit
8,119,25,F,fit
5,130,16,M,not_fit
5,118,33,M,fit
33,152,67,F,not_fit
9,106,26,F,fit
26,181,83,F,not_fit
14,168,46,M,fit
20,162,107,M,not_fit
26,190,65,M,fit
10,178,40,F,not_fit
26,173,80,F,not_fit
9,107,34,F,not_fit
40,171,85,F,not_fit
34,183,82,F,fit
36,153,90,M,not_fit
40,151,83,M,not_fit
27,151,48,F,fit
5,135,33,F,fit
7,116,20,M,fit
17,137,54,F,not_fit
5,105,20,F,fit
8,92,23,M,not_fit
36,184,90,F,not_fit
30,186,82,F,fit
27,174,61,M,fit
19,175,60,M,fit
40,183,83,M,fit
34,164,52,M,fit
37,159,74,F,not_fit
15,147,38,F,fit
11,153,42,F,fit
17,179,42,F,not_fit
12,169,54,F,fit
33,153,109,M,not_fit
35,184,89,F,not_fit
31,151,75,M,not_fit
30,156,61,M,not_fit
16,171,47,M,fit
12,138,44,M,fit
11,146,70,F,not_fit
34,173,63,F,fit
9,132,33,M,fit
33,174,77,M,not_fit
38,166,104,M,not_fit
16,169,37,M,not_fit
6,107,31,M,not_fit
28,179,100,M,not_fit
12,134,48,F,not_fit
33,154,48,M,fit
36,183,93,M,not_fit
14,166,64,F,fit
28,152,102,F,not_fit
36,157,86,F,not_fit
23,154,53,M,fit
27,167,59,F,fit
33,168,106,M,not_fit
10,134,63,F,not_fit
31,153,100,M,not_fit
34,162,73,F,not_fit
24,155,93,F,not_fit
9,112,20,F,fit
7,128,30,F,fit
10,134,51,F,not_fit
9,134,33,F,fit
37,179,104,M,not_fit
19,161,83,M,not_fit
12,164,49,M,fit
11,180,62,F,fit
17,176,42,M,not_fit
19,190,94,M,not_fit
16,158,35,M,fit
11,148,47,M,fit
28,165,83,M,not_fit
18,165,96,M,not_fit
22,151,77,F,not_fit
32,189,97,M,not_fit
23,164,54,M,fit
16,163,32,F,not_fit
29,177,78,F,fit
11,133,34,M,fit
31,156,100,M,not_fit
7,108,22,M,fit
33,171,109,M,not_fit
25,190,93,M,not_fit
19,173,80,F,not_fit
21,163,48,F,fit
20,186,106,M,not_fit
14,179,33,M,not_fit
33,181,98,F,not_fit
21,184,47,F,not_fit
19,154,103,F,not_fit
7,134,18,M,not_fit
39,154,50,F,fit
18,177,57,M,fit
11,137,47,M,not_fit
14,149,40,M,fit
32,158,84,F,not_fit
19,174,87,M,not_fit
30,159,75,F,not_fit
24,168,77,F,not_fit
12,176,45,F,fit
20,184,107,M,not_fit
33,153,55,F,fit
33,183,82,F,fit
9,98,14,M,fit
35,176,92,M,not_fit
38,152,78,M,not_fit
34,163,83,F,not_fit
39,171,96,F,not_fit
7,109,26,M,fit
8,123,26,F,fit
24,189,84,M,fit
7,98,26,F,not_fit
14,159,62,M,fit
21,189,79,F,fit
26,172,60,F,fit
21,178,90,F,not_fit
24,181,58,F,fit
15,146,44,F,fit
18,183,64,M,fit
18,152,46,M,fit
28,152,58,F,not_fit
8,102,13,M,not_fit
25,164,80,M,not_fit
14,147,38,M,fit
39,164,84,F,not_fit
14,138,55,F,not_fit
24,187,67,M,fit
18,154,83,F,not_fit
26,165,92,M,not_fit
5,99,34,M,not_fit
40,160,107,M,not_fit
39,173,56,M,fit
36,162,56,M,fit
10,136,64,F,not_fit
11,173,31,M,not_fit
40,154,83,F,not_fit
33,152,104,M,not_fit
9,122,17,M,not_fit
11,166,56,M,fit
16,130,45,F,not_fit
11,175,51,F,fit
32,183,58,M,fit
31,162,66,F,not_fit
40,185,90,F,not_fit
16,178,58,F,fit
37,168,101,M,not_fit
34,160,46,F,fit
10,169,42,M,fit
22,173,85,F,not_fit
21,158,95,F,not_fit
12,145,33,F,fit
19,188,68,F,fit
32,152,49,M,fit
7,121,28,M,fit
9,127,20,F,not_fit
20,163,86,F,not_fit
14,135,40,F,fit
35,155,50,M,fit
11,134,47,M,not_fit
33,182,87,M,not_fit
21,183,49,M,fit
40,152,66,F,not_fit
39,180,62,M,fit
6,102,13,F,not_fit
8,97,30,F,not_fit
6,102,24,F,fit
11,145,66,F,not_fit
36,166,81,F,not_fit
6,115,13,F,not_fit
23,168,71,F,not_fit
20,162,90,M,not_fit
8,119,28,M,fit
27,190,59,F,fit
25,174,94,F,not_fit
15,173,66,M,fit
24,169,95,M,not_fit
8,95,29,M,not_fit
14,175,69,F,fit
20,174,45,F,fit
39,190,108,F,not_fit
28,171,59,M,fit
36,176,73,F,fit
24,172,87,M,not_fit
28,158,62,F,fit
16,144,35,M,fit
13,175,52,F,fit
25,171,90,F,not_fit
19,167,104,F,not_fit
15,137,70,F,not_fit
14,161,51,M,fit
40,155,70,M,not_fit
22,161,71,F,not_fit
9,125,22,M,fit
12,161,35,F,not_fit
28,168,83,F,not_fit
24,157,70,M,not_fit
39,169,98,M,not_fit
21,158,56,F,fit
7,96,35,F,not_fit
12,178,51,M,fit
25,152,104,M,not_fit
31,176,61,M,fit
8,103,12,M,not_fit
19,190,98,F,not_fit
32,179,91,M,not_fit
37,155,49,M,fit
31,179,79,F,fit
28,158,61,M,fit
19,176,59,F,fit
23,164,80,M,not_fit
5,115,34,M,not_fit
39,166,110,F,not_fit
33,151,62,M,not_fit
26,150,98,M,not_fit
34,177,61,F,fit
5,123,19,F,not_fit
40,171,80,M,not_fit
32,178,89,M,not_fit
15,166,63,F,fit
26,157,81,M,not_fit
8,129,12,F,not_fit
13,145,52,M,fit
36,174,67,M,fit
20,152,51,F,fit
23,181,92,F,not_fit
26,175,64,M,fit
16,146,52,M,fit
32,190,47,M,not_fit
27,172,73,F,fit
10,163,62,F,fit
16,140,56,M,not_fit
16,147,37,M,fit
29,169,77,F,not_fit
37,162,101,F,not_fit
28,158,66,F,not_fit
19,172,53,M,fit
28,180,86,F,not_fit
40,183,105,M,not_fit
34,166,72,M,not_fit
18,155,50,M,fit
34,166,100,M,not_fit
21,181,95,M,not_fit
20,156,53,F,fit
29,176,81,F,not_fit
35,185,100,F,not_fit
7,104,21,M,fit
40,172,61,M,fit
36,180,56,F,fit
18,171,80,F,not_fit
29,153,56,F,fit
6,111,18,M,fit
21,186,96,F,not_fit
16,153,32,F,not_fit
30,179,64,F,fit
10,165,54,F,fit
29,171,99,F,not_fit
23,168,74,M,not_fit
15,132,68,F,not_fit
29,181,99,M,not_fit
20,185,68,F,fit
17,138,52,M,not_fit
35,179,79,F,fit
39,172,78,F,not_fit
9,101,12,M,not_fit
19,166,68,F,fit
21,174,47,M,fit
21,175,78,M,not_fit
9,103,13,M,not_fit
31,170,89,M,not_fit
33,190,53,M,fit
7,110,20,M,fit
11,142,42,F,fit
8,103,23,F,fit
10,168,45,F,fit
30,157,84,F,not_fit
21,168,52,M,fit
13,148,36,M,fit
36,186,86,M,fit
24,185,104,M,not_fit
33,177,97,F,not_fit
13,179,31,M,not_fit
35,172,63,M,fit
21,189,48,F,not_fit
29,172,74,F,not_fit
28,151,68,F,not_fit
31,150,70,F,not_fit
17,142,70,M,not_fit
40,155,103,M,not_fit
25,183,98,F,not_fit
16,178,65,M,fit
28,161,65,M,not_fit
21,182,110,M,not_fit
36,153,108,F,not_fit
25,180,82,F,not_fit
13,155,64,F,not_fit
31,158,57,M,fit
23,176,94,F,not_fit
19,173,96,M,not_fit
35,181,58,M,fit
20,182,86,F,not_fit
24,160,104,F,not_fit
8,119,19,M,not_fit
29,174,109,M,not_fit
11,132,63,M,not_fit
34,161,64,F,fit
35,165,110,F,not_fit
7,126,24,M,fit
13,161,56,F,fit
31,156,103,M,not_fit
28,166,74,M,not_fit
21,164,85,F,not_fit
20,176,85,M,not_fit
32,163,92,F,not_fit
13,135,33,F,fit
17,168,65,F,fit
20,188,62,M,fit
7,112,20,F,fit
26,166,63,F,fit
24,179,95,M,not_fit
12,169,39,M,not_fit
7,93,18,F,fit
30,176,63,M,fit
34,156,76,F,not_fit
6,133,26,M,fit
16,167,42,M,fit
20,187,76,F,fit
20,184,50,F,fit
31,157,72,M,not_fit
23,177,76,F,fit
38,175,86,M,not_fit
25,158,78,F,not_fit
21,166,59,M,fit
23,179,45,M,fit
11,165,56,M,fit
25,151,83,M,not_fit
21,158,54,F,fit
20,158,100,F,not_fit
35,152,92,M,not_fit
33,164,78,F,not_fit
22,185,67,M,fit
32,181,79,M,fit
20,169,64,F,fit
29,161,103,M,not_fit
19,189,58,F,fit
28,158,78,F,not_fit
40,185,55,M,fit
26,175,84,F,not_fit
26,168,99,M,not_fit
29,160,45,F,fit
26,167,72,M,not_fit
39,167,107,M,not_fit
38,163,49,M,fit
23,168,100,F,not_fit
12,146,42,M,fit
12,140,57,F,not_fit
31,153,71,F,not_fit
21,185,53,F,fit
26,173,62,F,fit
10,169,42,M,fit
13,175,52,M,fit
37,181,56,M,fit
21,163,106,F,not_fit
34,173,78,F,not_fit
34,157,85,M,not_fit
16,136,64,F,not_fit
38,159,51,M,fit
30,189,98,M,not_fit
7,97,35,M,not_fit
18,188,59,M,fit
18,155,84,F,not_fit
34,157,86,M,not_fit
31,180,61,M,fit
15,134,31,M,fit
18,174,76,M,not_fit
21,170,105,F,not_fit
30,189,45,M,not_fit
33,163,70,F,not_fit
10,178,55,M,fit
6,92,24,M,not_fit
29,188,90,F,not_fit
35,186,92,F,not_fit
7,103,27,M,not_fit
18,173,50,M,fit
28,166,65,M,fit
19,172,94,M,not_fit
38,181,50,F,fit
20,153,93,F,not_fit
11,130,42,F,fit
31,189,85,M,fit
34,165,51,M,fit
28,183,103,M,not_fit
10,160,41,F,fit
25,158,109,F,not_fit
6,105,34,F,not_fit
38,187,109,M,not_fit
26,173,104,M,not_fit
12,163,57,M,fit
35,175,93,M,not_fit
21,158,107,F,not_fit
38,176,105,M,not_fit
39,172,108,F,not_fit
19,170,56,M,fit
14,153,63,F,not_fit
18,168,53,M,fit
7,118,16,F,not_fit
36,175,108,F,not_fit
5,108,20,F,fit
22,159,92,M,not_fit
15,176,45,M,fit
38,170,66,F,fit
6,109,33,F,not_fit
11,165,30,M,not_fit
30,156,68,F,not_fit
30,164,82,M,not_fit
26,156,72,F,not_fit
16,138,44,F,fit
35,172,102,M,not_fit
30,165,58,F,fit
37,189,72,F,fit
30,158,58,M,fit
11,165,58,F,fit
11,136,40,F,fit
21,174,90,F,not_fit
11,175,39,F,not_fit
20,179,77,F,fit
35,168,75,F,not_fit
32,159,85,F,not_fit
13,164,53,F,fit
8,102,21,F,fit
8,99,27,M,not_fit
16,141,47,M,fit
34,184,69,F,fit
30,189,54,F,fit
32,190,85,F,fit
19,175,57,M,fit
12,161,46,F,fit
29,190,76,M,fit
25,173,56,M,fit
20,156,92,F,not_fit
32,178,83,M,not_fit
36,189,51,M,fit
39,172,75,M,not_fit
27,187,52,F,fit
26,163,104,F,not_fit
16,149,55,M,fit
17,144,46,F,fit
15,137,32,F,fit
15,148,69,F,not_fit
35,167,65,F,fit
12,158,70,F,not_fit
5,102,26,M,fit
22,150,73,F,not_fit
21,174,59,F,fit
39,166,79,M,not_fit
33,166,92,M,not_fit
14,152,49,M,fit
33,164,55,F,fit
35,180,91,F,not_fit
25,158,106,M,not_fit
13,153,68,M,not_fit
32,173,48,F,fit
35,175,102,F,not_fit
34,174,98,M,not_fit
27,160,57,M,fit
15,131,51,M,not_fit
30,160,99,F,not_fit
30,160,54,M,fit
21,156,98,M,not_fit
21,173,85,M,not_fit
7,123,34,M,fit
34,155,95,F,not_fit
37,167,101,M,not_fit
6,136,17,M,not_fit
37,188,51,F,fit
9,138,13,F,not_fit
40,171,47,M,fit
37,150,73,M,not_fit
29,184,47,F,not_fit
16,146,59,F,not_fit
33,152,64,F,not_fit
33,177,90,F,not_fit
10,180,61,M,fit
24,154,104,M,not_fit
17,151,67,F,not_fit
31,174,48,F,fit
12,152,51,M,fit
9,129,14,M,not_fit
38,188,90,M,not_fit
25,187,98,M,not_fit
25,154,80,M,not_fit
10,173,50,M,fit
14,135,61,F,not_fit
14,156,44,F,fit
13,140,45,M,fit
38,170,91,F,not_fit
34,167,94,F,not_fit
7,123,24,F,fit
17,130,48,F,not_fit
6,97,14,M,fit
30,188,94,F,not_fit
26,151,94,F,not_fit
29,169,86,M,not_fit
10,151,42,M,fit
5,123,34,M,fit
17,131,60,M,not_fit
30,166,110,M,not_fit
12,145,69,F,not_fit
21,171,92,M,not_fit
8,100,15,M,fit
12,135,56,F,not_fit
18,174,79,F,not_fit
7,123,21,F,not_fit
14,178,43,F,not_fit
20,153,48,F,fit
32,183,76,M,fit
40,167,100,M,not_fit
20,190,58,M,fit
24,162,87,M,not_fit
35,188,93,F,not_fit
7,99,16,F,fit
10,167,36,F,not_fit
26,157,55,F,fit
30,179,45,M,fit
10,135,64,M,not_fit
16,140,64,M,not_fit
22,164,98,M,not_fit
27,164,81,M,not_fit
32,174,49,M,fit
14,165,38,F,not_fit
24,184,91,F,not_fit
11,146,41,F,fit
17,162,35,F,not_fit
18,155,99,M,not_fit
29,186,54,M,fit
11,179,69,F,fit
29,162,79,M,not_fit
20,173,87,M,not_fit
32,171,54,M,fit
40,154,65,M,not_fit
33,182,58,F,fit
40,151,96,M,not_fit
11,141,43,F,fit
38,186,110,F,not_fit
12,160,33,M,not_fit
37,173,106,M,not_fit
37,153,108,F,not_fit
36,161,57,F,fit
39,178,87,M,not_fit
17,162,68,F,not_fit
20,161,64,F,fit
29,188,52,M,fit
23,184,92,F,not_fit
37,167,64,M,fit
32,161,66,M,not_fit
35,187,71,M,fit
25,154,65,M,not_fit
26,175,98,M,not_fit
20,165,48,F,fit
6,140,33,F,fit
11,165,47,F,fit
5,100,16,M,fit
40,171,56,M,fit
9,121,20,M,not_fit
37,166,70,F,not_fit
8,120,29,F,fit
30,184,88,M,not_fit
22,157,66,F,not_fit
33,188,89,F,not_fit
34,185,90,M,not_fit
19,151,45,F,fit
31,166,89,M,not_fit
15,133,36,F,fit
36,157,82,F,not_fit
13,130,48,M,not_fit
38,178,85,M,not_fit
12,131,33,F,fit
19,180,81,M,fit
20,167,65,M,fit
34,167,50,M,fit
30,167,69,F,fit
38,182,65,M,fit
22,188,84,F,fit
5,124,20,M,not_fit
13,158,48,M,fit
26,160,84,M,not_fit
30,155,51,M,fit
25,176,86,M,not_fit
10,142,42,M,fit
18,183,95,M,not_fit
24,161,61,F,fit
5,137,17,F,not_fit
23,182,68,F,fit
32,165,60,M,fit
23,180,88,F,not_fit
40,183,63,M,fit
25,188,110,M,not_fit
8,132,15,M,not_fit
25,182,84,F,not_fit
30,160,73,F,not_fit
20,176,47,F,fit
23,162,106,F,not_fit
5,101,14,M,not_fit
34,169,68,M,fit
20,155,55,M,fit
8,130,20,M,not_fit
39,168,81,F,not_fit
22,161,72,F,not_fit
37,174,94,M,not_fit
20,179,89,F,not_fit
17,145,41,M,fit
15,130,38,M,fit
37,163,99,M,not_fit
30,178,64,F,fit
14,165,45,F,fit
9,100,13,M,not_fit
24,173,93,F,not_fit
26,173,103,M,not_fit
40,168,78,F,not_fit
21,176,50,M,fit
35,187,91,M,not_fit
15,144,61,F,not_fit
20,166,108,F,not_fit
22,158,89,F,not_fit
19,184,53,F,fit
7,113,30,F,fit
9,136,24,F,not_fit
5,125,32,F,fit
37,161,94,M,not_fit
23,164,51,M,fit
37,163,83,F,not_fit
32,151,86,M,not_fit
14,157,51,F,fit
40,184,70,M,fit
31,184,64,M,fit
18,172,107,M,not_fit
14,150,32,F,fit
39,166,78,M,not_fit
9,133,13,F,not_fit
33,154,106,M,not_fit
16,179,69,F,fit
6,109,24,M,fit
24,165,89,F,not_fit
24,181,60,F,fit
34,189,103,M,not_fit
34,159,90,M,not_fit
7,120,30,F,fit
22,170,47,F,fit
34,155,74,M,not_fit
12,156,67,F,not_fit
19,184,99,M,not_fit
37,165,71,M,not_fit
35,179,52,F,fit
38,184,78,F,fit
14,156,48,M,fit
30,169,54,F,fit
37,187,71,M,fit
17,166,46,F,fit
11,176,64,F,fit
14,166,42,F,fit
32,168,85,M,not_fit
28,168,89,F,not_fit
8,128,34,M,fit
26,177,97,M,not_fit
8,114,35,M,not_fit
15,132,31,M,fit
8,116,20,M,fit
18,158,86,F,not_fit
6,92,14,F,fit
31,173,47,F,fit
26,163,106,M,not_fit
27,190,57,M,fit
31,188,96,F,not_fit
37,154,95,M,not_fit
18,158,95,M,not_fit
5,121,12,F,not_fit
19,158,109,M,not_fit
15,166,31,M,not_fit
7,113,20,M,fit
6,127,20,M,not_fit
38,157,73,M,not_fit
13,148,66,F,not_fit
8,132,20,M,not_fit
30,182,85,F,not_fit
35,187,59,M,fit
16,162,32,M,not_fit
36,179,102,F,not_fit
36,155,64,F,not_fit
32,166,73,M,not_fit
15,165,47,F,fit
11,176,34,M,not_fit
13,177,60,F,fit
17,148,43,M,fit
9,93,22,M,not_fit
17,133,52,M,not_fit
21,188,48,F,not_fit
6,94,35,M,not_fit
40,172,73,M,fit
20,175,93,F,not_fit
9,102,18,M,fit
27,151,49,F,fit
17,142,59,M,not_fit
18,152,67,M,not_fit
12,138,31,M,fit
18,187,74,F,fit
5,127,19,F,not_fit
37,171,95,M,not_fit
33,177,56,M,fit
10,172,51,M,fit
9,99,23,M,fit
22,156,84,F,not_fit
27,167,68,F,fit
30,158,89,M,not_fit
5,94,29,M,not_fit
39,189,72,M,fit
19,151,91,F,not_fit
27,150,55,M,fit
31,164,94,F,not_fit
10,152,57,M,fit
15,157,44,M,fit
32,152,92,M,not_fit
35,165,102,F,not_fit
31,175,69,F,fit
38,159,53,M,fit
20,173,96,M,not_fit
36,183,109,F,not_fit
27,151,76,M,not_fit
12,177,40,F,not_fit
7,117,16,F,not_fit
24,163,102,M,not_fit
34,187,98,F,not_fit
29,189,92,F,not_fit
26,168,110,M,not_fit
14,144,70,F,not_fit
28,189,69,F,fit
27,181,79,M,fit
14,175,45,M,fit
7,125,18,F,not_fit
19,152,80,F,not_fit
14,170,57,F,fit
30,159,98,M,not_fit
38,165,83,M,not_fit
40,155,55,F,fit
29,156,79,M,not_fit
23,189,49,F,not_fit
10,164,50,M,fit
26,165,84,M,not_fit
5,125,12,M,not_fit
9,125,17,F,not_fit
17,166,40,M,fit
25,161,63,M,fit
19,181,83,F,not_fit
20,190,45,F,not_fit
5,140,23,F,not_fit
29,179,68,F,fit
9,131,22,F,not_fit
27,183,109,M,not_fit
24,188,100,M,not_fit
14,174,62,F,fit
11,152,63,F,not_fit
20,152,85,M,not_fit
15,176,36,M,not_fit
26,151,96,F,not_fit
18,164,102,M,not_fit
26,190,93,M,not_fit
15,136,33,F,fit
11,165,34,M,not_fit
24,168,56,F,fit
35,181,63,M,fit
27,161,72,F,not_fit
12,166,39,M,fit
25,190,106,F,not_fit
27,152,92,F,not_fit
21,184,84,M,fit
36,177,77,F,fit
35,155,93,F,not_fit
15,149,42,M,fit
9,111,19,M,fit
6,116,34,M,not_fit
20,152,84,M,not_fit
25,156,76,F,not_fit
39,187,106,M,not_fit
14,166,51,M,fit
26,159,54,M,fit
26,181,90,F,not_fit
29,181,58,M,fit
29,170,96,F,not_fit
30,153,59,M,not_fit
21,166,74,M,not_fit
12,156,65,M,not_fit
35,157,61,F,fit
33,164,92,M,not_fit
23,160,50,F,fit
30,187,103,M,not_fit
32,167,52,M,fit
18,177,46,M,fit
38,185,86,M,not_fit
21,189,104,M,not_fit
15,160,32,M,not_fit
14,152,65,M,not_fit
25,167,67,M,fit
10,139,44,M,fit
7,93,33,M,not_fit
39,172,75,F,not_fit
30,175,110,F,not_fit
25,190,51,F,fit
12,152,34,F,fit
13,147,69,M,not_fit
34,178,87,F,not_fit
13,167,40,M,fit
14,135,57,F,not_fit
22,153,98,F,not_fit
7,121,35,F,fit
8,111,21,F,fit
24,153,45,F,fit
18,168,81,F,not_fit
17,153,68,M,not_fit
30,164,93,F,not_fit
6,92,28,F,not_fit
13,159,47,F,fit
6,135,27,M,fit
24,161,71,F,not_fit
6,135,26,M,fit
37,174,89,F,not_fit
26,169,106,F,not_fit
36,167,58,F,fit
18,156,99,F,not_fit
32,156,107,M,not_fit
32,153,103,M,not_fit
16,178,62,F,fit
13,175,62,M,fit
5,138,28,F,fit
39,171,55,F,fit
5,139,16,M,not_fit
28,188,99,F,not_fit
20,178,102,F,not_fit
17,161,45,F,fit
23,166,82,M,not_fit
29,173,96,M,not_fit
39,182,105,M,not_fit
19,154,103,M,not_fit
20,156,58,M,fit
34,178,57,M,fit
34,179,104,F,not_fit
7,90,12,F,fit
16,174,55,M,fit
22,163,102,F,not_fit
22,157,100,F,not_fit
15,138,56,M,not_fit
19,185,61,F,fit
37,164,73,F,not_fit
20,152,92,M,not_fit
8,95,33,M,not_fit
22,161,63,F,fit
13,136,52,M,not_fit
23,168,76,F,not_fit
30,172,71,F,fit
36,188,102,F,not_fit
21,164,105,F,not_fit
9,101,19,F,fit
22,154,57,F,fit
7,114,26,F,fit
15,174,52,M,fit
14,179,59,F,fit
36,152,63,F,not_fit
18,162,103,M,not_fit
35,157,81,F,not_fit
39,181,48,F,fit
6,95,22,M,fit
21,168,75,F,not_fit
30,157,68,F,not_fit
32,173,89,F,not_fit
14,151,39,M,fit
26,171,82,F,not_fit
23,189,109,M,not_fit
25,174,71,F,fit
33,172,84,M,not_fit
15,179,44,M,not_fit
38,157,57,F,fit
10,169,62,M,fit
30,173,57,M,fit
37,190,50,F,not_fit
40,174,109,F,not_fit
7,114,28,F,fit
22,175,73,M,fit
20,159,80,F,not_fit
7,100,33,M,not_fit
19,173,101,M,not_fit
24,152,56,F,fit
9,112,33,M,not_fit
38,177,93,M,not_fit
33,186,83,M,fit
35,150,99,M,not_fit
29,154,98,M,not_fit
12,150,57,F,not_fit
8,117,28,F,fit
36,165,46,F,fit
22,180,45,M,not_fit
22,165,61,F,fit
22,153,58,F,fit
25,169,86,M,not_fit
9,138,12,M,not_fit
38,150,85,F,not_fit
38,154,83,M,not_fit
32,168,79,F,not_fit
22,187,105,F,not_fit
19,166,85,F,not_fit
33,190,80,F,fit
5,133,12,M,not_fit
27,154,48,M,fit
38,171,108,M,not_fit
40,186,49,F,fit
5,121,29,M,fit
21,180,45,F,not_fit
8,127,25,F,fit
16,167,37,M,not_fit
33,178,103,F,not_fit
37,158,108,F,not_fit
24,166,109,M,not_fit
33,168,50,M,fit
39,185,109,F,not_fit
20,167,68,M,fit
16,142,57,F,not_fit
9,121,28,M,fit
37,163,72,M,not_fit
23,162,91,F,not_fit
21,166,99,M,not_fit
7,132,28,F,fit
28,151,98,M,not_fit
37,153,64,F,not_fit
8,97,22,F,fit
21,188,55,F,fit
27,172,74,M,not_fit
29,184,56,M,fit
28,162,103,F,not_fit
19,157,88,M,not_fit
36,183,89,F,not_fit
25,155,48,F,fit
24,165,106,M,not_fit
7,110,23,M,fit
20,183,83,M,fit
39,179,56,F,fit
15,173,54,M,fit
19,152,84,M,not_fit
27,152,107,F,not_fit
33,188,105,F,not_fit
13,143,51,F,fit
15,144,47,M,fit
22,182,82,M,fit
5,135,32,F,fit
23,168,109,M,not_fit
36,190,106,M,not_fit
35,177,96,M,not_fit
30,166,73,F,not_fit
5,128,23,M,fit
20,179,80,F,fit
37,164,92,M,not_fit
37,172,97,M,not_fit
31,150,58,M,not_fit
34,177,57,F,fit
5,118,19,F,not_fit
16,152,70,F,not_fit
17,137,33,M,fit
27,150,73,F,not_fit
7,100,24,F,fit
34,182,47,F,fit
32,189,109,F,not_fit
17,164,44,F,fit
28,160,90,F,not_fit
36,185,75,F,fit
24,161,105,F,not_fit
35,186,91,F,not_fit
5,130,26,M,fit
24,158,81,M,not_fit
13,140,52,F,not_fit
29,181,53,M,fit
30,170,71,M,fit
23,169,65,M,fit
37,185,84,M,fit
31,171,48,F,fit
14,131,60,F,not_fit
19,165,82,F,not_fit
22,181,88,M,not_fit
23,172,101,M,not_fit
10,159,60,M,fit
19,158,82,F,not_fit
22,165,85,F,not_fit
24,160,81,F,not_fit
23,162,105,F,not_fit
9,96,13,F,fit
20,154,81,F,not_fit
14,159,64,M,not_fit
38,173,53,M,fit
7,107,14,M,not_fit
9,123,31,M,fit
15,163,63,F,fit
26,183,105,F,not_fit
19,157,50,M,fit
24,153,102,M,not_fit
28,170,80,F,not_fit
13,159,38,M,fit
18,153,91,M,not_fit
26,151,78,M,not_fit
23,176,90,M,not_fit
13,175,41,M,not_fit
7,99,22,M,fit
24,188,80,F,fit
25,179,94,F,not_fit
17,180,57,M,fit
33,189,84,M,fit
15,158,66,M,not_fit
37,174,75,M,fit
15,133,46,M,not_fit
13,154,67,F,not_fit
27,186,98,F,not_fit
15,159,69,F,not_fit
21,163,103,F,not_fit
24,172,87,F,not_fit
23,187,66,F,fit
33,157,46,F,fit
37,161,91,F,not_fit
8,140,18,M,not_fit
11,156,43,M,fit
32,161,83,F,not_fit
38,189,99,F,not_fit
21,153,81,M,not_fit
8,91,35,M,not_fit
22,184,81,F,fit
5,123,16,F,not_fit
24,179,103,M,not_fit
5,110,13,M,not_fit
6,90,24,M,not_fit
33,182,45,F,not_fit
18,164,63,M,fit
6,109,13,F,not_fit
16,159,53,F,fit
9,114,27,F,fit
39,150,101,F,not_fit
15,134,53,F,not_fit
32,160,94,F,not_fit
33,188,64,M,fit
35,171,85,F,not_fit
38,166,99,F,not_fit
20,158,93,M,not_fit
29,159,66,M,not_fit
28,157,60,M,fit
30,180,59,F,fit
17,140,43,F,fit
6,92,17,F,fit
21,168,48,F,fit
24,173,62,F,fit
22,182,74,F,fit
23,168,63,M,fit
36,181,78,M,fit
35,174,104,F,not_fit
22,178,94,M,not_fit
34,183,106,M,not_fit
20,182,93,M,not_fit
6,128,34,F,fit
22,170,93,F,not_fit
18,185,92,F,not_fit
7,99,32,M,not_fit
11,168,50,F,fit
12,157,67,M,not_fit
10,144,61,M,not_fit
10,172,64,M,fit
30,160,53,F,fit
21,182,84,M,not_fit
28,168,64,F,fit
23,175,94,F,not_fit
32,185,68,M,fit
6,135,32,M,fit
15,166,49,M,fit
34,172,47,M,fit
34,168,72,F,not_fit
27,154,76,F,not_fit
8,110,15,M,not_fit
9,90,26,M,not_fit
9,108,15,F,not_fit
8,139,19,M,not_fit
8,116,13,M,not_fit
34,173,110,F,not_fit
9,91,23,M,not_fit
35,159,84,F,not_fit
5,108,34,F,not_fit
39,160,61,M,fit
31,175,65,F,fit
30,178,96,F,not_fit
27,167,107,F,not_fit
13,161,67,M,not_fit
15,148,43,M,fit
11,175,31,M,not_fit
32,157,56,F,fit
16,160,60,F,fit
13,150,47,M,fit
38,176,109,F,not_fit
13,179,47,M,fit
10,177,57,M,fit
35,188,78,M,fit
30,188,72,M,fit
5,105,20,F,fit
12,154,31,F,not_fit
9,116,14,F,not_fit
18,184,57,M,fit
31,159,55,M,fit
35,158,81,M,not_fit
37,150,107,M,not_fit
20,161,76,F,not_fit
33,155,60,M,fit
16,140,51,M,not_fit
5,138,30,M,fit
30,172,78,F,not_fit
22,187,71,F,fit
12,160,60,F,fit
21,171,87,M,not_fit
8,104,23,M,fit
31,152,83,F,not_fit
32,165,99,F,not_fit
29,159,79,M,not_fit
40,158,81,F,not_fit
32,151,69,M,not_fit
10,153,63,F,not_fit
16,153,49,M,fit
24,183,80,M,fit
18,187,65,F,fit
8,110,25,F,fit
9,135,33,F,fit
26,180,86,F,not_fit
29,167,60,F,fit
27,165,68,F,fit
19,188,49,F,not_fit
30,150,80,F,not_fit
34,170,60,F,fit
22,152,77,M,not_fit
10,164,53,M,fit
16,172,43,F,fit
9,110,13,M,not_fit
32,157,89,M,not_fit
18,182,61,M,fit
15,147,34,M,fit
19,167,103,M,not_fit
34,169,109,M,not_fit
27,175,50,M,fit
13,158,41,F,fit
25,152,62,F,not_fit
6,91,23,F,not_fit
6,96,31,M,not_fit
20,164,65,M,fit
35,152,76,F,not_fit
24,153,76,M,not_fit
22,186,77,M,fit
31,183,93,F,not_fit
34,157,75,M,not_fit
14,169,48,F,fit
9,92,30,M,not_fit
32,161,87,F,not_fit
6,127,24,M,fit
8,124,18,M,not_fit
20,155,52,M,fit
11,165,65,M,fit
30,187,78,F,fit
22,154,97,F,not_fit
24,158,83,M,not_fit
19,164,90,M,not_fit
29,178,85,F,not_fit
34,150,71,M,not_fit
28,189,87,M,fit
10,135,64,F,not_fit
31,156,95,F,not_fit
13,178,61,M,fit
34,185,49,M,fit
40,185,89,F,not_fit
10,173,43,F,fit
5,139,19,F,not_fit
5,127,34,F,fit
9,121,34,M,fit
8,135,12,M,not_fit
6,127,14,M,not_fit
16,177,46,F,fit
30,187,45,M,not_fit
31,169,48,M,fit
9,92,16,M,fit
28,161,102,F,not_fit
25,154,87,M,not_fit
39,165,66,F,fit
25,186,90,F,not_fit
27,159,103,M,not_fit
38,180,57,M,fit
19,171,92,M,not_fit
36,177,78,M,fit
10,147,30,F,not_fit
23,173,110,F,not_fit
22,165,59,F,fit
15,179,52,F,fit
15,170,63,F,fit
20,179,93,M,not_fit
40,189,55,M,fit
10,157,50,M,fit
35,165,54,F,fit
14,163,42,F,fit
10,149,46,F,fit
23,172,78,M,not_fit
9,124,20,M,not_fit
34,185,110,F,not_fit
36,151,58,M,not_fit
30,159,76,M,not_fit
5,107,25,M,fit
5,115,34,M,not_fit
16,131,66,M,not_fit
18,159,88,M,not_fit
39,178,85,F,not_fit
11,154,37,M,fit
39,189,68,M,fit
16,145,31,M,fit
27,189,78,M,fit
29,180,78,F,fit
38,151,70,M,not_fit
7,111,32,M,not_fit
6,100,25,M,fit
14,160,59,F,fit
12,152,51,F,fit
26,156,58,F,fit
24,174,71,M,fit
13,176,56,M,fit
33,151,98,M,not_fit
7,94,24,M,not_fit
16,153,68,M,not_fit
11,168,63,M,fit
19,185,96,F,not_fit
5,90,25,M,not_fit
13,174,52,F,fit
35,151,82,F,not_fit
32,182,104,F,not_fit
11,130,57,M,not_fit
25,165,77,F,not_fit
9,107,20,M,fit
12,134,61,M,not_fit
10,165,57,M,fit
28,164,108,F,not_fit
32,153,105,M,not_fit
35,161,73,M,not_fit
35,188,100,M,not_fit
30,157,101,F,not_fit
18,161,51,M,fit
40,169,56,M,fit
24,184,51,M,fit
12,150,46,F,fit
5,128,20,F,not_fit
32,170,48,F,fit
35,164,52,F,fit
36,168,107,F,not_fit
31,161,45,M,fit
5,127,15,F,not_fit
24,188,61,F,fit
28,180,72,M,fit
27,180,99,M,not_fit
6,123,13,F,not_fit
29,166,53,M,fit
9,116,22,M,fit
33,161,90,M,not_fit
27,166,86,M,not_fit
33,184,65,F,fit
16,157,64,M,not_fit
21,158,59,M,fit
15,160,32,F,not_fit
27,167,89,F,not_fit
24,186,86,M,fit
21,187,71,M,fit
9,139,25,M,not_fit
19,183,50,M,fit
34,190,85,F,fit
5,101,16,F,fit
16,170,50,F,fit
39,158,79,F,not_fit
38,184,58,M,fit
34,171,98,F,not_fit
37,162,74,F,not_fit
9,126,25,M,fit
35,181,85,M,not_fit
35,151,76,F,not_fit
6,125,27,M,fit
24,151,80,M,not_fit
35,154,93,F,not_fit
33,150,104,M,not_fit
36,184,50,M,fit
5,95,15,F,fit
17,149,68,F,not_fit
17,149,34,M,fit
18,156,104,M,not_fit
7,122,34,F,fit
15,157,56,M,fit
38,165,64,F,fit
35,167,76,M,not_fit
6,105,26,F,fit
16,131,57,F,not_fit
14,172,59,M,fit
11,166,49,F,fit
32,173,110,M,not_fit
38,154,86,F,not_fit
35,163,71,M,not_fit
6,118,34,F,fit
13,161,42,M,fit
11,174,33,M,not_fit
38,150,68,M,not_fit
39,187,87,M,fit
12,162,43,F,fit
19,186,73,M,fit
36,176,51,F,fit
25,177,56,F,fit
40,188,89,F,not_fit
9,96,12,M,not_fit
17,179,64,F,fit
14,158,65,F,not_fit
14,179,67,F,fit
37,167,98,F,not_fit
5,99,33,M,not_fit
8,94,17,F,fit
18,156,46,M,fit
13,149,36,M,fit
24,175,86,M,not_fit
35,167,88,M,not_fit
37,187,101,M,not_fit
29,190,92,F,not_fit
10,163,55,F,fit
15,141,69,M,not_fit
11,173,56,F,fit
26,161,52,M,fit
15,175,60,F,fit
31,155,81,M,not_fit
11,133,37,F,fit
9,102,29,M,not_fit
24,153,103,M,not_fit
35,179,109,M,not_fit
18,166,46,F,fit
35,183,67,M,fit
30,158,82,M,not_fit
7,94,28,F,not_fit
16,170,35,M,not_fit
37,190,70,M,fit
26,187,75,F,fit
20,162,67,M,not_fit
38,188,68,M,fit
40,163,96,M,not_fit
20,185,91,F,not_fit
12,170,45,F,fit
12,159,45,M,fit
32,187,92,M,not_fit
7,122,15,M,not_fit
32,150,49,F,fit
24,150,105,M,not_fit
23,155,81,F,not_fit
39,171,48,F,fit
8,110,28,M,fit
31,189,95,M,not_fit
18,182,76,F,fit
8,106,29,F,not_fit
24,176,92,F,not_fit
12,140,68,F,not_fit
21,164,79,F,not_fit
17,141,32,M,fit
14,165,64,M,fit
18,178,47,M,fit
12,147,58,F,not_fit
23,189,93,F,not_fit
26,176,85,M,not_fit
16,140,32,M,fit
9,124,33,F,fit
35,154,46,M,fit
31,157,45,F,fit
26,166,68,F,fit
32,162,79,F,not_fit
34,178,50,M,fit
12,137,34,F,fit
23,181,90,M,not_fit
13,133,64,F,not_fit
13,174,55,M,fit
5,136,17,F,not_fit
36,164,90,F,not_fit
18,185,102,M,not_fit
29,164,81,M,not_fit
31,177,80,M,not_fit
23,153,45,M,fit
11,153,68,F,not_fit
12,164,64,F,fit
33,153,102,F,not_fit
13,170,41,M,fit
5,106,25,M,fit
32,176,73,F,fit
8,90,32,F,not_fit
27,164,72,F,not_fit
19,188,51,F,fit
34,181,94,F,not_fit
18,190,52,M,fit
15,147,54,F,fit
8,95,17,M,fit
8,140,32,F,fit
21,187,107,M,not_fit
40,177,103,F,not_fit
6,113,23,M,fit
23,187,86,F,fit
16,145,59,F,not_fit
37,160,83,F,not_fit
19,151,88,M,not_fit
10,138,32,F,fit
36,175,80,F,not_fit
38,168,49,F,fit
20,180,76,M,fit
28,156,105,M,not_fit
26,159,84,F,not_fit
17,146,43,F,fit
40,167,106,F,not_fit
21,190,99,F,not_fit
40,163,64,M,fit
35,168,96,M,not_fit
24,178,66,F,fit
37,164,45,F,fit
37,175,76,M,fit
7,113,13,M,not_fit
30,157,47,F,fit
5,122,31,F,fit
8,122,29,F,fit
26,190,63,M,fit
39,171,52,M,fit
27,153,79,M,not_fit
19,187,107,M,not_fit
14,177,59,M,fit
14,135,58,F,not_fit
9,130,20,F,not_fit
29,153,101,F,not_fit
9,130,18,F,not_fit
8,91,14,M,fit
27,166,95,F,not_fit
13,136,45,M,fit
21,187,63,M,fit
7,121,33,M,fit
37,151,55,F,fit
25,164,79,F,not_fit
6,134,13,F,not_fit
39,187,107,F,not_fit
19,176,103,M,not_fit
13,143,46,F,fit
25,183,64,F,fit
40,171,46,F,fit
38,158,69,F,not_fit
36,150,61,F,not_fit
10,154,49,M,fit
23,179,105,F,not_fit
33,158,75,M,not_fit
24,168,108,F,not_fit
9,126,26,F,fit
38,152,67,F,not_fit
16,137,44,F,fit
7,120,29,F,fit
29,183,64,F,fit
30,170,105,F,not_fit
16,141,64,M,not_fit
6,108,35,F,not_fit
12,144,49,F,fit
39,155,57,F,fit
6,138,15,F,not_fit
32,153,47,F,fit
14,141,63,F,not_fit
24,150,95,M,not_fit
28,159,85,M,not_fit
6,95,29,M,not_fit
6,121,18,M,not_fit
36,185,79,F,fit
31,155,48,F,fit
11,135,57,M,not_fit
29,172,93,F,not_fit
39,187,59,F,fit
26,166,90,F,not_fit
19,189,67,F,fit
19,159,109,F,not_fit
12,179,41,M,not_fit
31,171,93,F,not_fit
16,143,44,F,fit
18,170,109,F,not_fit
6,106,18,F,fit
10,168,46,F,fit
28,175,95,M,not_fit
12,180,41,M,not_fit
14,166,33,F,not_fit
5,107,14,F,not_fit
32,160,108,F,not_fit
25,179,60,M,fit
7,112,29,M,fit
15,144,43,M,fit
5,136,14,M,not_fit
11,160,37,F,fit
5,134,17,F,not_fit
32,173,97,M,not_fit
25,157,104,M,not_fit
11,131,64,F,not_fit
20,171,89,F,not_fit
14,146,31,M,fit
24,175,90,F,not_fit
25,190,84,M,fit
20,180,78,F,fit
20,185,85,M,fit
16,150,40,F,fit
18,158,109,F,not_fit
23,176,89,M,not_fit
21,179,90,F,not_fit
21,159,82,F,not_fit
14,140,49,M,not_fit
23,176,46,F,fit
17,165,36,M,not_fit
24,156,74,F,not_fit
21,175,47,F,fit
10,138,44,F,fit
8,114,35,F,not_fit
40,157,75,F,not_fit
17,158,43,F,fit
32,166,55,M,fit
8,91,22,F,not_fit
27,189,97,F,not_fit
30,181,97,M,not_fit
40,164,108,F,not_fit
31,162,59,F,fit
12,135,34,F,fit
29,174,57,F,fit
38,166,102,F,not_fit
36,163,101,M,not_fit
36,165,81,F,not_fit
15,162,41,F,fit
28,159,51,F,fit
26,159,94,M,not_fit
32,166,77,F,not_fit
22,183,90,F,not_fit
25,166,45,M,fit
33,168,47,M,fit
33,178,103,M,not_fit
26,176,56,M,fit
33,180,81,F,fit
19,176,99,M,not_fit
16,151,39,M,fit
23,186,109,F,not_fit
37,186,87,M,not_fit
28,177,82,F,not_fit
12,145,59,M,not_fit
35,175,78,F,not_fit
11,178,38,F,not_fit
19,182,55,M,fit
30,162,46,M,fit
22,164,71,F,not_fit
11,133,47,M,not_fit
25,173,95,F,not_fit
30,158,79,M,not_fit
16,166,47,F,fit
40,172,86,M,not_fit
34,186,58,F,fit
10,165,48,M,fit
40,182,92,F,not_fit
27,186,67,F,fit
29,177,90,M,not_fit
22,177,83,F,not_fit
20,165,54,M,fit
30,151,50,M,fit
38,173,76,F,not_fit
28,154,97,M,not_fit
27,180,69,M,fit
39,181,96,F,not_fit
32,175,103,F,not_fit
19,167,54,M,fit
36,161,53,M,fit
26,179,76,M,fit
36,166,97,F,not_fit
10,145,70,M,not_fit
29,179,104,F,not_fit
16,163,59,F,fit
16,173,47,M,fit
13,137,46,F,fit
21,157,96,M,not_fit
10,143,49,F,fit
34,185,75,F,fit
32,183,56,M,fit
25,152,82,F,not_fit
12,131,62,M,not_fit
37,151,46,F,fit
8,97,15,F,fit
21,153,58,M,fit
26,157,102,F,not_fit
28,169,64,F,fit
30,158,47,M,fit
29,155,94,F,not_fit
11,139,47,F,fit
13,130,37,M,fit
14,130,37,M,fit
38,161,89,F,not_fit
17,169,41,M,fit
35,179,63,M,fit
17,140,65,M,not_fit
21,186,71,F,fit
27,163,46,F,fit
22,162,87,M,not_fit
6,107,28,M,fit
25,180,59,F,fit
17,171,60,F,fit
8,132,18,F,not_fit
30,161,88,F,not_fit
40,164,65,F,fit
16,141,55,F,not_fit
5,118,12,F,not_fit
17,180,44,F,not_fit
22,182,89,F,not_fit
13,167,48,M,fit
36,166,46,M,fit
15,154,70,M,not_fit
6,102,28,F,not_fit
16,173,36,F,not_fit
11,175,54,F,fit
23,181,61,F,fit
20,163,92,M,not_fit
24,185,87,F,not_fit
27,175,72,F,fit
40,184,95,F,not_fit
23,161,71,F,not_fit
26,166,49,M,fit
20,162,74,M,not_fit
38,187,99,M,not_fit
22,169,57,M,fit
10,172,44,F,fit
23,169,64,M,fit
29,154,86,M,not_fit
16,169,66,F,fit
14,165,44,F,fit
31,182,110,M,not_fit
40,189,61,M,fit
26,151,66,M,not_fit
22,189,99,F,not_fit
6,93,31,F,not_fit
23,155,92,F,not_fit
35,188,98,F,not_fit
14,153,38,M,fit
23,187,67,M,fit
33,170,86,F,not_fit
39,155,92,M,not_fit
37,169,81,F,not_fit
14,165,44,F,fit
19,169,85,F,not_fit
32,159,90,M,not_fit
6,120,32,F,fit
25,176,91,F,not_fit
19,172,108,F,not_fit
14,155,34,M,fit
38,182,69,M,fit
9,124,13,F,not_fit
16,162,43,F,fit
30,155,69,M,not_fit
18,169,79,F,not_fit
7,114,22,M,fit
36,184,110,M,not_fit
8,120,28,M,fit
29,175,56,M,fit
8,110,27,F,fit
23,175,103,M,not_fit
29,175,104,F,not_fit
39,176,95,F,not_fit
40,184,110,F,not_fit
32,167,95,M,not_fit
8,105,22,F,fit
26,159,88,F,not_fit
6,137,34,F,fit
20,152,60,F,not_fit
5,139,25,M,not_fit
34,189,50,F,not_fit
6,116,31,F,fit
11,163,67,M,not_fit
13,172,60,M,fit
20,178,54,F,fit
14,145,59,F,not_fit
11,154,64,F,not_fit
15,145,70,M,not_fit
38,176,46,M,fit
33,166,97,F,not_fit
11,131,41,M,fit
13,176,50,F,fit
20,165,81,M,not_fit
16,170,70,F,fit
33,156,47,M,fit
35,178,49,F,fit
21,169,102,F,not_fit
31,169,84,M,not_fit
30,169,53,F,fit
25,157,51,F,fit
11,142,41,F,fit
12,156,31,M,not_fit
16,153,53,F,fit
16,145,36,M,fit
16,146,63,M,not_fit
9,118,35,M,not_fit
7,138,35,F,fit
13,166,54,F,fit
9,136,13,M,not_fit
12,150,57,F,not_fit
20,167,45,F,fit
32,155,78,F,not_fit
10,166,40,F,fit
15,147,40,F,fit
40,169,91,M,not_fit
37,168,99,M,not_fit
22,168,94,M,not_fit
16,161,44,F,fit
25,153,102,M,not_fit
19,189,69,M,fit
29,181,80,M,fit
33,169,104,F,not_fit
7,137,26,F,not_fit
34,184,87,F,not_fit
14,160,43,M,fit
12,177,70,F,fit
30,155,47,M,fit
29,165,109,M,not_fit
36,178,60,F,fit
14,179,33,M,not_fit
21,185,77,F,fit
24,156,99,F,not_fit
10,157,34,M,not_fit
29,173,54,F,fit
7,113,28,M,fit
19,183,64,M,fit
27,174,47,F,fit
26,150,102,M,not_fit
9,136,18,F,not_fit
11,138,55,F,not_fit
8,135,28,M,fit
9,137,29,F,fit
30,171,84,F,not_fit
28,185,104,M,not_fit
15,144,68,F,not_fit
25,158,64,F,not_fit
21,154,80,M,not_fit
19,190,93,F,not_fit
37,154,91,F,not_fit
31,183,104,M,not_fit
33,186,83,M,fit
8,122,12,M,not_fit
40,179,68,F,fit
22,182,64,M,fit
10,178,51,M,fit
23,172,67,F,fit
37,186,79,F,fit
10,167,44,M,fit
27,152,78,M,not_fit
7,124,19,M,not_fit
34,159,66,F,not_fit
18,164,89,M,not_fit
24,174,97,F,not_fit
9,102,17,F,fit
20,171,103,F,not_fit
9,96,33,F,not_fit
26,185,49,F,fit
10,147,56,F,not_fit
25,173,88,F,not_fit
34,178,71,M,fit
33,180,78,M,fit
10,180,48,M,fit
20,153,62,M,not_fit
22,178,110,F,not_fit
7,125,12,F,not_fit
15,165,62,F,fit
10,131,48,M,not_fit
27,161,45,F,fit
26,188,103,F,not_fit
35,154,76,F,not_fit
38,185,74,M,fit
13,166,51,F,fit
5,136,32,M,fit
36,160,52,F,fit
12,136,58,M,not_fit
24,176,75,M,fit
29,150,84,M,not_fit
30,162,102,M,not_fit
5,138,13,M,not_fit
14,130,39,F,fit
17,167,40,F,fit
40,154,103,M,not_fit
28,157,108,M,not_fit
33,166,46,M,fit
39,176,75,M,fit
9,99,34,M,not_fit
32,184,54,F,fit
40,175,72,M,fit
19,187,101,M,not_fit
7,104,28,F,not_fit
24,173,47,F,fit
27,163,96,M,not_fit
9,106,16,M,fit
5,126,17,F,not_fit
24,169,49,F,fit
11,178,55,F,fit
26,171,60,F,fit
29,161,99,F,not_fit
34,173,101,F,not_fit
15,165,47,F,fit
40,150,45,F,fit
30,181,83,M,not_fit
37,188,50,F,fit
40,152,100,F,not_fit
23,152,49,M,fit
23,189,77,M,fit
29,158,68,M,not_fit
26,150,70,F,not_fit
8,121,14,M,not_fit
36,154,85,M,not_fit
16,168,46,F,fit
12,139,50,F,not_fit
22,177,74,F,fit
23,156,102,M,not_fit
26,176,94,M,not_fit
17,176,51,M,fit
31,168,63,F,fit
33,168,78,F,not_fit
24,163,77,M,not_fit
25,160,110,F,not_fit
35,190,59,F,fit
11,144,42,F,fit
26,175,110,M,not_fit
30,154,104,M,not_fit
11,153,49,M,fit
7,113,34,F,not_fit
18,153,71,M,not_fit
40,151,77,M,not_fit
27,172,88,M,not_fit
10,147,31,M,fit
33,166,48,F,fit
38,176,47,F,fit
18,159,54,M,fit
7,105,14,M,not_fit
37,168,68,F,fit
11,151,64,F,not_fit
20,159,80,F,not_fit
16,151,30,F,not_fit
38,175,65,M,fit
5,133,17,F,not_fit
28,161,80,M,not_fit
19,165,51,M,fit
37,184,49,M,fit
19,185,71,F,fit
38,169,79,M,not_fit
9,91,29,F,not_fit
18,155,45,M,fit
28,156,77,M,not_fit
7,100,19,M,fit
11,145,38,F,fit
7,133,31,M,fit
38,156,45,F,fit
38,181,92,M,not_fit
17,162,34,M,not_fit
15,168,42,M,fit
6,121,14,M,not_fit
40,167,105,M,not_fit
6,136,34,M,fit
28,186,82,M,fit
9,131,30,F,fit
18,190,65,M,fit
29,176,47,M,fit
34,172,46,F,fit
32,177,107,M,not_fit
17,156,48,F,fit
20,168,101,F,not_fit
32,158,51,M,fit
21,174,60,M,fit
39,177,48,M,fit
27,177,91,M,not_fit
5,99,28,M,not_fit
23,184,61,F,fit
36,158,109,F,not_fit
12,152,46,F,fit
39,160,99,M,not_fit
23,185,70,M,fit
25,180,61,M,fit
23,182,65,M,fit
10,158,45,F,fit
38,165,67,F,fit
17,134,61,M,not_fit
33,184,60,M,fit
11,162,65,M,fit
25,183,82,M,fit
30,167,96,F,not_fit
36,165,61,M,fit
32,163,74,F,not_fit
17,144,61,F,not_fit
22,188,81,M,fit
40,165,47,F,fit
28,177,100,F,not_fit
30,171,75,F,not_fit
12,140,47,F,fit
11,177,39,F,not_fit
5,114,12,M,not_fit
7,92,17,F,fit
31,184,96,M,not_fit
28,150,70,F,not_fit
21,177,93,M,not_fit
21,152,97,M,not_fit
16,130,33,M,fit
35,162,105,M,not_fit
38,172,64,M,fit
9,123,35,M,fit
16,156,34,F,not_fit
25,168,58,F,fit
40,189,80,F,fit
20,153,84,F,not_fit
40,159,87,M,not_fit
34,175,88,M,not_fit
34,172,107,F,not_fit
37,184,88,M,not_fit
24,156,56,F,fit
25,160,63,M,fit
8,97,32,M,not_fit
19,164,83,F,not_fit
28,165,54,M,fit
19,190,64,M,fit
6,125,16,M,not_fit
28,183,52,M,fit
13,130,39,F,fit
22,157,88,F,not_fit
38,177,73,M,fit
15,159,69,M,not_fit
6,98,15,M,fit
20,176,45,F,fit
28,154,70,F,not_fit
37,159,80,F,not_fit
12,153,33,M,fit
22,155,104,F,not_fit
39,163,106,M,not_fit
7,97,14,F,fit
15,155,65,F,not_fit
14,158,68,F,not_fit
24,166,50,F,fit
6,134,23,M,not_fit
27,151,90,F,not_fit
25,174,97,M,not_fit
6,136,31,F,fit
15,173,55,M,fit
29,187,93,M,not_fit
22,171,85,M,not_fit
20,180,102,F,not_fit
39,168,54,F,fit
25,180,99,F,not_fit
20,181,105,M,not_fit
11,147,68,F,not_fit
16,175,35,M,not_fit
15,134,46,M,not_fit
37,186,50,F,fit
34,176,60,F,fit
6,108,35,F,not_fit
24,176,47,M,fit
27,184,76,F,fit
32,182,66,M,fit
26,168,70,M,fit
25,175,51,F,fit
14,153,40,M,fit
15,163,30,M,not_fit
34,172,95,M,not_fit
27,154,57,M,fit
18,151,61,M,not_fit
32,154,87,F,not_fit
34,184,89,F,not_fit
6,122,26,M,fit
18,160,101,F,not_fit
11,158,41,F,fit
9,119,16,M,not_fit
27,162,49,M,fit
38,160,64,F,fit
37,151,97,F,not_fit
25,174,85,M,not_fit
39,175,76,F,fit
7,120,30,M,fit
34,156,66,M,not_fit
25,178,63,M,fit
40,176,105,F,not_fit
35,177,98,F,not_fit
32,187,73,F,fit
28,155,98,F,not_fit
33,153,82,F,not_fit
17,134,51,F,not_fit
29,165,65,M,fit
22,154,75,F,not_fit
9,106,27,M,fit
21,181,64,M,fit
40,161,69,F,not_fit
17,142,59,M,not_fit
26,183,84,M,not_fit
22,174,86,F,not_fit
27,161,109,M,not_fit
5,90,33,M,not_fit
16,164,41,M,fit
5,106,24,F,fit
12,147,53,M,fit
26,178,100,M,not_fit
14,144,46,M,fit
17,177,69,M,fit
30,156,55,F,fit
35,173,45,M,fit
25,168,46,F,fit
6,135,13,M,not_fit
22,184,85,M,not_fit
38,183,47,M,fit
28,151,86,M,not_fit
9,103,14,M,not_fit
38,180,78,M,fit
38,160,47,F,fit
18,188,103,M,not_fit
24,184,71,F,fit
6,93,28,M,not_fit
18,171,86,F,not_fit
15,161,35,M,not_fit
36,187,82,M,fit
24,171,110,F,not_fit
15,154,31,F,not_fit
14,152,58,F,not_fit
19,153,108,F,not_fit
28,161,77,M,not_fit
19,182,108,M,not_fit
17,179,41,F,not_fit
34,171,70,F,fit
32,154,89,M,not_fit
11,149,40,F,fit
19,181,107,M,not_fit
31,157,80,F,not_fit
17,138,62,F,not_fit
27,173,47,M,fit
40,150,106,F,not_fit
11,180,52,F,fit
37,170,50,M,fit
6,138,13,F,not_fit
8,121,28,M,fit
23,176,104,M,not_fit
20,175,81,M,not_fit
30,162,95,M,not_fit
23,185,51,F,fit
14,166,47,F,fit
7,132,30,F,fit
33,152,108,F,not_fit
33,161,74,F,not_fit
8,92,14,F,fit
37,190,59,M,fit
24,188,63,F,fit
14,137,46,F,fit
26,176,85,F,not_fit
8,95,22,M,fit
19,176,102,M,not_fit
20,166,55,M,fit
24,166,87,M,not_fit
7,136,29,F,fit
12,157,65,F,not_fit
40,182,78,F,fit
28,150,95,M,not_fit
13,154,65,M,not_fit
30,155,97,F,not_fit
34,189,90,F,not_fit
28,189,47,F,not_fit
24,188,106,M,not_fit
27,187,90,F,not_fit
16,156,64,F,not_fit
24,176,60,M,fit
17,142,37,F,fit
32,155,91,F,not_fit
7,111,18,F,fit
17,160,32,M,not_fit
34,173,101,F,not_fit
21,152,67,F,not_fit
15,150,34,M,fit
34,174,105,F,not_fit
37,169,96,M,not_fit
17,150,35,M,fit
31,154,66,M,not_fit
21,166,99,M,not_fit
26,179,108,F,not_fit
19,157,85,F,not_fit
13,130,32,M,fit
16,177,67,M,fit
25,153,82,M,not_fit
36,171,58,F,fit
7,114,34,M,not_fit
34,163,100,M,not_fit
37,152,50,F,fit
37,188,64,F,fit
27,161,99,F,not_fit
18,185,91,M,not_fit
24,152,91,F,not_fit
27,173,86,M,not_fit
7,140,19,F,not_fit
36,155,98,F,not_fit
37,156,65,M,not_fit
10,135,63,F,not_fit
7,125,30,M,fit
18,169,85,F,not_fit
13,162,43,F,fit
14,174,60,M,fit
15,153,40,M,fit
21,184,102,M,not_fit
25,166,99,M,not_fit
7,131,16,F,not_fit
30,181,91,M,not_fit
37,177,58,M,fit
20,159,104,F,not_fit
40,168,46,M,fit
32,169,69,M,fit
35,173,53,M,fit
38,180,49,F,fit
16,166,65,F,fit
23,171,64,F,fit
36,186,105,M,not_fit
26,177,81,F,not_fit
11,153,57,F,fit
31,169,94,M,not_fit
9,115,23,M,fit
15,160,42,M,fit
32,150,90,F,not_fit
6,115,35,F,not_fit
8,107,20,F,fit
16,155,64,F,not_fit
21,179,61,F,fit
18,150,51,F,fit
17,158,69,F,not_fit
6,118,21,M,fit
16,149,55,F,fit
35,181,48,F,fit
32,187,77,F,fit
6,119,35,M,fit
7,94,15,M,fit
27,185,74,M,fit
30,179,92,F,not_fit
33,152,72,F,not_fit
22,157,55,M,fit
23,182,80,M,fit
15,130,69,M,not_fit
31,181,67,M,fit
29,152,61,F,not_fit
35,185,99,F,not_fit
21,154,93,F,not_fit
28,185,95,M,not_fit
28,167,71,M,not_fit
11,170,66,M,fit
11,179,45,M,fit
36,174,78,M,not_fit
21,162,53,M,fit
12,132,47,F,not_fit
20,166,110,M,not_fit
27,156,58,M,fit
29,170,77,F,not_fit
19,163,84,F,not_fit
15,161,65,F,not_fit
32,154,100,F,not_fit
35,188,63,M,fit
22,158,85,F,not_fit
11,166,51,F,fit
15,151,65,M,not_fit
21,151,84,M,not_fit
7,133,22,M,not_fit
23,161,82,M,not_fit
23,162,52,M,fit
33,178,59,F,fit
25,166,95,M,not_fit
21,163,71,F,not_fit
29,158,77,M,not_fit
12,164,53,M,fit
38,173,98,F,not_fit
29,167,67,F,fit
31,183,76,F,fit
33,170,75,F,not_fit
32,182,87,F,not_fit
31,150,85,F,not_fit
11,167,44,F,fit
17,142,60,M,not_fit
24,151,62,M,not_fit
22,176,100,F,not_fit
15,151,64,M,not_fit
39,177,68,M,fit
38,183,75,M,fit
24,174,56,F,fit
18,160,72,F,not_fit
20,174,92,F,not_fit
19,190,62,M,fit
24,188,97,M,not_fit
14,163,39,M,fit
18,187,82,M,fit
21,158,65,F,not_fit
28,157,74,M,not_fit
16,134,57,M,not_fit
17,172,56,F,fit
35,180,108,M,not_fit
5,129,13,M,not_fit
7,98,35,F,not_fit
31,159,107,M,not_fit
35,154,61,M,not_fit
8,117,20,M,fit
32,158,97,M,not_fit
23,188,72,F,fit
14,176,56,F,fit
33,155,75,M,not_fit
33,187,86,F,fit
15,152,37,M,fit
26,156,55,F,fit
35,183,110,M,not_fit
33,187,67,M,fit
13,137,68,F,not_fit
25,169,59,F,fit
6,119,16,F,not_fit
21,174,100,F,not_fit
10,140,66,M,not_fit
14,165,65,F,fit
22,163,104,F,not_fit
17,143,46,M,fit
28,186,58,M,fit
9,136,26,M,fit
40,165,56,M,fit
11,160,41,F,fit
28,187,94,M,not_fit
39,155,93,F,not_fit
31,170,68,F,fit
26,156,58,F,fit
13,141,35,F,fit
27,152,56,M,fit
5,140,27,F,not_fit
6,99,29,M,not_fit
20,189,50,F,not_fit
25,156,51,F,fit
24,180,99,M,not_fit
11,171,32,F,not_fit
30,169,65,F,fit
36,182,106,F,not_fit
20,178,86,F,not_fit
37,166,95,F,not_fit
16,144,63,F,not_fit
15,139,47,F,fit
7,117,20,M,fit
23,163,59,F,fit
19,164,62,M,fit
10,145,65,M,not_fit
20,165,62,M,fit
20,187,76,F,fit
38,169,91,M,not_fit
19,170,50,M,fit
11,162,35,M,not_fit
18,178,89,F,not_fit
13,144,60,M,not_fit
10,175,38,F,not_fit
27,178,66,F,fit
16,156,55,F,fit
38,175,65,M,fit
39,174,82,F,not_fit
36,188,107,F,not_fit
23,188,73,F,fit
27,177,96,M,not_fit
40,168,88,M,not_fit
20,175,74,F,fit
10,154,40,F,fit
20,173,76,F,not_fit
19,160,81,M,not_fit
28,150,94,M,not_fit
36,163,73,M,not_fit
20,185,82,M,fit
22,180,84,M,not_fit
12,142,64,F,not_fit
27,178,75,M,fit
32,187,65,F,fit
8,100,28,M,not_fit
31,186,52,M,fit
19,178,109,F,not_fit
10,141,62,M,not_fit
24,150,93,M,not_fit
8,126,14,F,not_fit
7,92,12,M,fit
20,154,46,F,fit
39,190,92,M,not_fit
15,177,51,F,fit
26,190,57,M,fit
33,165,79,F,not_fit
8,108,35,F,not_fit
6,139,29,M,fit
27,160,45,M,fit
8,112,17,F,not_fit
18,155,89,M,not_fit
39,184,67,M,fit
30,190,81,M,fit
34,183,49,F,fit
35,190,94,F,not_fit
19,165,53,M,fit
15,143,64,M,not_fit
35,165,57,F,fit
10,160,45,F,fit
40,163,60,M,fit
10,164,63,M,fit
34,150,72,M,not_fit
15,174,67,F,fit
14,142,55,F,not_fit
31,185,95,F,not_fit
29,152,93,M,not_fit
6,132,27,M,fit
11,153,69,F,not_fit
30,171,78,F,not_fit
22,181,102,M,not_fit
27,176,108,F,not_fit
30,180,58,F,fit
31,154,70,F,not_fit
16,168,56,F,fit
9,120,21,F,fit
38,172,79,M,not_fit
29,188,76,F,fit
15,134,65,F,not_fit
16,171,45,F,fit
14,177,56,M,fit
40,184,110,F,not_fit
11,143,67,F,not_fit
12,145,41,M,fit
33,152,68,M,not_fit
9,114,22,F,fit
20,182,60,M,fit
29,181,57,M,fit
16,159,59,F,fit
14,154,51,M,fit
29,153,45,F,fit
16,136,56,M,not_fit
34,175,52,F,fit
18,185,83,M,fit
24,187,78,F,fit
24,188,107,M,not_fit
15,132,50,F,not_fit
26,170,108,M,not_fit
13,158,41,M,fit
40,170,82,M,not_fit
12,147,44,F,fit
7,99,27,M,not_fit
39,179,96,F,not_fit
13,157,34,F,not_fit
38,173,82,F,not_fit
38,185,58,F,fit
34,165,83,F,not_fit
8,123,20,M,not_fit
5,127,23,F,fit
35,165,106,F,not_fit
25,167,88,M,not_fit
38,177,64,F,fit
7,123,23,M,fit
13,140,34,F,fit
38,180,77,M,fit
19,153,77,F,not_fit
5,102,29,F,not_fit
15,135,69,F,not_fit
19,174,81,F,not_fit
23,175,71,M,fit
32,190,50,F,not_fit
35,176,59,F,fit
22,182,62,F,fit
26,155,62,M,not_fit
37,189,90,M,not_fit
36,164,100,F,not_fit
28,153,94,M,not_fit
35,171,100,F,not_fit
36,186,90,M,not_fit
19,183,77,M,fit
19,156,88,F,not_fit
29,154,48,M,fit
28,171,93,M,not_fit
13,138,55,M,not_fit
29,187,108,M,not_fit
29,168,73,M,not_fit
5,99,24,F,fit
25,184,70,F,fit
33,159,89,F,not_fit
22,161,93,M,not_fit
10,176,53,M,fit
17,135,38,M,fit
39,186,78,M,fit
28,187,99,F,not_fit
34,168,85,M,not_fit
25,154,47,F,fit
11,170,47,F,fit
26,167,57,M,fit
19,181,58,F,fit
22,187,92,M,not_fit
16,165,59,M,fit
9,102,13,F,not_fit
29,177,105,M,not_fit
31,158,106,F,not_fit
29,185,50,M,fit
18,177,79,F,not_fit
16,146,57,M,not_fit
35,178,83,M,not_fit
32,182,91,M,not_fit
24,183,52,F,fit
40,167,68,M,fit
29,168,107,M,not_fit
16,147,46,M,fit
33,169,102,F,not_fit
26,161,79,M,not_fit
25,188,105,M,not_fit
19,153,71,F,not_fit
15,135,52,F,not_fit
18,150,73,F,not_fit
16,166,37,F,not_fit
29,183,80,M,fit
21,153,59,M,not_fit
27,159,45,F,fit
6,114,15,M,not_fit
24,172,67,M,fit
16,177,46,M,fit
29,185,100,F,not_fit
30,162,94,M,not_fit
18,171,66,F,fit
27,158,96,F,not_fit
18,159,61,M,fit
32,169,47,M,fit
14,146,69,M,not_fit
30,188,70,F,fit
36,150,62,M,not_fit
13,172,39,F,not_fit
8,115,35,M,not_fit
25,169,110,F,not_fit
35,154,88,M,not_fit
21,158,86,M,not_fit
30,173,78,M,not_fit
5,97,15,F,fit
21,185,105,F,not_fit
13,149,65,F,not_fit
37,181,62,M,fit
33,185,80,F,fit
37,185,86,F,not_fit
30,158,105,M,not_fit
18,182,77,M,fit
33,157,45,M,fit
19,152,69,M,not_fit
36,156,56,F,fit
17,132,49,M,not_fit
28,179,96,F,not_fit
9,120,14,M,not_fit
7,131,23,F,not_fit
26,168,57,F,fit
40,189,85,M,fit
11,152,31,M,not_fit
13,176,30,F,not_fit
31,190,65,F,fit
23,156,83,F,not_fit
16,174,60,F,fit
12,138,44,M,fit
14,133,48,M,not_fit
9,129,32,F,fit
21,169,57,M,fit
33,161,73,F,not_fit
33,171,58,M,fit
37,171,45,F,fit
38,189,68,F,fit
33,173,106,M,not_fit
20,158,49,M,fit
7,93,17,M,fit
39,185,70,M,fit
36,170,81,M,not_fit
40,177,63,M,fit
34,180,107,F,not_fit
8,115,18,M,not_fit
19,182,106,F,not_fit
25,152,96,F,not_fit
17,138,43,F,fit
27,185,97,M,not_fit
12,160,66,M,not_fit
37,156,55,F,fit
18,160,72,F,not_fit
29,187,76,F,fit
5,108,15,F,not_fit
8,121,12,F,not_fit
11,140,33,M,fit
22,156,92,M,not_fit
22,153,110,M,not_fit
31,176,76,F,fit
24,163,67,F,not_fit
39,165,53,F,fit
23,176,109,F,not_fit
34,169,74,M,not_fit
31,152,88,F,not_fit
25,169,82,F,not_fit
39,165,91,F,not_fit
12,148,68,M,not_fit
17,134,34,F,fit
40,154,52,F,fit
33,151,102,F,not_fit
30,165,90,M,not_fit
30,155,64,F,not_fit
28,150,59,M,not_fit
12,148,66,M,not_fit
7,112,19,F,fit
31,180,97,M,not_fit
15,164,59,F,fit
11,152,42,F,fit
7,111,18,F,fit
14,139,58,F,not_fit
17,161,68,F,not_fit
27,160,95,M,not_fit
14,154,50,M,fit
35,156,106,F,not_fit
36,182,62,F,fit
22,176,79,M,not_fit
30,160,58,M,fit
20,177,60,M,fit
9,117,32,M,fit
33,189,58,M,fit
32,162,95,F,not_fit
14,152,66,M,not_fit
29,179,59,F,fit
22,156,87,F,not_fit
9,118,16,F,not_fit
37,172,71,F,fit
11,178,32,M,not_fit
24,167,56,M,fit
26,171,100,M,not_fit
28,156,88,F,not_fit
37,162,63,M,fit
6,140,21,M,not_fit
15,146,40,M,fit
27,167,48,M,fit
38,157,91,M,not_fit
20,173,52,F,fit
8,115,27,F,fit
7,116,13,F,not_fit
17,167,44,F,fit
12,136,34,M,fit
12,143,30,F,fit
5,123,26,M,fit
13,134,60,M,not_fit
37,150,101,M,not_fit
38,182,68,F,fit
24,174,89,M,not_fit
38,190,91,F,not_fit
34,156,78,F,not_fit
25,169,72,F,not_fit
22,164,53,M,fit
12,180,43,M,not_fit
14,145,41,M,fit
21,158,79,F,not_fit
25,150,88,M,not_fit
11,143,30,M,fit
16,162,41,M,fit
29,185,86,M,not_fit
30,176,59,F,fit
8,108,33,M,not_fit
11,134,50,M,not_fit
15,142,63,F,not_fit
36,161,74,M,not_fit
5,131,17,F,not_fit
30,168,110,F,not_fit
5,108,25,M,fit
11,154,44,M,fit
39,169,86,M,not_fit
39,161,60,M,fit
14,162,46,M,fit
29,187,84,F,fit
23,158,106,M,not_fit
23,189,50,F,not_fit
11,149,57,F,not_fit
10,143,54,F,not_fit
37,152,49,M,fit
29,169,102,M,not_fit
13,150,57,F,not_fit
14,171,66,F,fit
37,182,53,M,fit
35,152,66,F,not_fit
6,127,18,M,not_fit
34,151,96,F,not_fit
35,178,84,F,not_fit
26,186,105,M,not_fit
8,104,18,M,fit
24,150,67,M,not_fit
14,174,39,M,not_fit
36,184,91,M,not_fit
11,178,35,M,not_fit
9,120,17,F,not_fit
29,150,107,M,not_fit
9,100,26,F,not_fit
21,166,53,F,fit
39,179,90,M,not_fit
18,172,52,M,fit
8,125,13,M,not_fit
14,158,67,F,not_fit
6,109,24,F,fit
19,189,76,M,fit
40,185,60,M,fit
7,112,14,M,not_fit
29,181,83,F,not_fit
6,96,29,F,not_fit
6,127,28,M,fit
35,151,69,M,not_fit
38,187,68,F,fit
31,169,91,M,not_fit
23,181,108,F,not_fit
8,95,27,F,not_fit
30,168,105,M,not_fit
13,179,63,F,fit
33,165,52,M,fit
9,117,15,F,not_fit
25,176,87,F,not_fit
14,180,66,F,fit
9,103,25,M,fit
15,153,67,F,not_fit
11,177,41,M,not_fit
25,172,54,M,fit
30,177,84,F,not_fit
32,165,107,F,not_fit
39,177,68,F,fit
33,168,108,M,not_fit
31,177,103,F,not_fit
19,158,97,M,not_fit
21,175,98,M,not_fit
18,178,45,F,fit
36,152,95,F,not_fit
24,154,105,M,not_fit
31,157,47,F,fit
21,183,56,F,fit
14,163,42,M,fit
21,180,102,M,not_fit
21,184,58,F,fit
18,174,108,M,not_fit
37,154,96,F,not_fit
21,157,49,M,fit
38,181,45,F,not_fit
9,94,24,M,not_fit
10,180,61,M,fit
18,153,70,M,not_fit
25,156,82,F,not_fit
11,144,63,F,not_fit
29,180,45,M,not_fit
39,162,72,M,not_fit
14,169,46,M,fit
30,170,48,F,fit
21,164,104,F,not_fit
15,153,47,M,fit
17,152,52,F,fit
29,160,102,M,not_fit
37,167,91,F,not_fit
26,188,84,F,fit
12,163,56,F,fit
13,131,51,M,not_fit
34,154,97,M,not_fit
10,178,34,M,not_fit
37,189,104,M,not_fit
40,160,53,F,fit
25,158,62,F,fit
31,161,76,M,not_fit
14,143,70,M,not_fit
39,175,72,M,fit
20,176,48,M,fit
12,158,49,M,fit
25,174,94,M,not_fit
24,171,55,M,fit
30,162,51,F,fit
14,151,69,M,not_fit
17,145,47,F,fit
30,165,102,F,not_fit
34,164,48,F,fit
27,158,100,M,not_fit
28,159,71,M,not_fit
27,171,46,M,fit
32,157,102,M,not_fit
23,151,83,M,not_fit
6,107,13,F,not_fit
14,131,63,F,not_fit
9,111,15,M,not_fit
33,177,81,F,not_fit
10,156,40,F,fit
31,167,72,F,not_fit
23,183,75,F,fit
5,135,30,M,fit
36,169,103,F,not_fit
35,189,73,F,fit
31,170,72,F,fit
20,189,96,F,not_fit
28,173,67,M,fit
10,152,42,M,fit
5,90,15,M,fit
33,171,104,F,not_fit
40,177,93,M,not_fit
11,177,40,F,not_fit
33,159,93,M,not_fit
24,183,47,F,fit
27,159,46,F,fit
30,163,52,F,fit
18,157,68,F,not_fit
38,165,97,M,not_fit
27,185,87,M,not_fit
5,94,19,F,fit
30,154,56,M,fit
32,168,77,M,not_fit
37,168,50,F,fit
27,185,89,F,not_fit
33,171,45,M,fit
8,128,26,M,fit
31,151,90,F,not_fit
31,155,86,F,not_fit
14,144,44,M,fit
11,133,58,M,not_fit
36,187,46,M,not_fit
6,91,24,M,not_fit
28,180,85,M,not_fit
28,159,47,M,fit
30,187,54,M,fit
32,184,64,M,fit
34,166,93,M,not_fit
7,128,15,M,not_fit
35,179,64,F,fit
40,190,74,F,fit
21,177,74,F,fit
25,174,75,F,fit
11,131,55,M,not_fit
10,173,60,M,fit
35,165,87,F,not_fit
31,154,89,F,not_fit
38,189,93,M,not_fit
16,171,67,F,fit
7,101,16,F,fit
23,150,74,F,not_fit
9,119,22,F,fit
20,183,79,M,fit
28,160,85,F,not_fit
23,178,45,M,fit
34,158,61,F,fit
9,140,23,F,not_fit
22,158,100,M,not_fit
8,107,16,F,not_fit
32,175,61,F,fit
12,166,57,M,fit
38,189,98,M,not_fit
16,161,64,M,fit
24,156,73,M,not_fit
21,151,84,M,not_fit
16,165,30,M,not_fit
34,150,96,F,not_fit
7,99,17,M,fit
20,188,105,F,not_fit
40,154,46,F,fit
21,157,89,M,not_fit
23,165,89,M,not_fit
20,183,50,F,fit
20,180,106,F,not_fit
23,182,73,M,fit
24,179,46,M,fit
11,143,70,M,not_fit
21,163,66,F,fit
30,179,81,M,not_fit
12,148,64,F,not_fit
6,134,35,F,fit
9,114,25,F,fit
28,172,77,F,not_fit
30,158,83,F,not_fit
6,126,33,F,fit
24,155,99,F,not_fit
19,182,52,M,fit
8,135,32,F,fit
35,153,66,F,not_fit
22,157,106,M,not_fit
21,151,54,M,fit
40,154,96,M,not_fit
34,172,59,F,fit
27,163,109,F,not_fit
38,159,101,F,not_fit
35,190,57,F,fit
38,158,92,F,not_fit
28,154,76,M,not_fit
33,185,106,F,not_fit
31,174,55,M,fit
23,172,78,F,not_fit
39,161,60,M,fit
6,116,31,M,fit
40,182,57,F,fit
24,175,107,M,not_fit
35,155,75,F,not_fit
26,164,79,F,not_fit
16,130,36,M,fit
17,177,39,M,not_fit
35,170,55,F,fit
12,140,49,M,not_fit
19,165,78,F,not_fit
14,159,64,M,not_fit
14,164,46,F,fit
7,92,29,F,not_fit
40,162,75,F,not_fit
22,166,72,M,not_fit
5,140,31,F,fit
9,113,35,M,not_fit
38,163,100,M,not_fit
36,156,66,M,not_fit
17,143,60,F,not_fit
17,156,39,M,fit
26,190,56,M,fit
22,152,51,F,fit
26,159,74,F,not_fit
24,155,55,F,fit
31,159,77,M,not_fit
39,187,80,F,fit
21,183,84,M,not_fit
36,179,50,M,fit
29,179,67,F,fit
28,152,100,M,not_fit
15,162,31,F,not_fit
28,189,83,M,fit
37,153,67,M,not_fit
7,135,14,F,not_fit
8,101,33,M,not_fit
36,175,68,F,fit
26,169,66,M,fit
21,152,71,F,not_fit
14,173,52,F,fit
10,176,52,F,fit
32,186,75,F,fit
16,136,53,M,not_fit
26,168,93,M,not_fit
18,174,91,M,not_fit
6,123,19,F,not_fit
7,114,31,M,fit
13,173,33,F,not_fit
38,156,100,F,not_fit
15,150,59,M,not_fit
32,185,93,F,not_fit
21,185,101,F,not_fit
9,115,30,F,fit
32,179,45,F,fit
7,120,16,M,not_fit
14,136,33,M,fit
13,171,64,F,fit
9,135,25,M,not_fit
5,117,18,M,not_fit
23,160,103,M,not_fit
19,150,88,F,not_fit
40,151,79,M,not_fit
8,131,20,F,not_fit
34,173,45,M,fit
36,186,74,M,fit
19,159,110,F,not_fit
12,145,48,M,fit
37,160,50,F,fit
40,189,63,F,fit
18,151,110,F,not_fit
13,152,69,M,not_fit
23,179,45,M,fit
18,169,82,M,not_fit
32,188,84,M,fit
12,137,63,M,not_fit
39,187,72,F,fit
23,177,66,F,fit
30,162,57,M,fit
33,155,69,M,not_fit
34,157,76,M,not_fit
10,141,53,M,not_fit
33,169,79,M,not_fit
24,175,102,M,not_fit
25,163,50,M,fit
24,171,83,F,not_fit
25,177,72,M,fit
34,160,83,F,not_fit
40,173,53,M,fit
26,162,79,M,not_fit
8,104,21,F,fit
7,111,35,F,not_fit
35,181,88,M,not_fit
32,163,97,F,not_fit
13,163,46,F,fit
11,152,58,M,not_fit
20,165,64,M,fit
16,134,54,M,not_fit
14,158,52,F,fit
9,136,35,F,fit
38,158,96,F,not_fit
15,145,67,F,not_fit
33,157,80,M,not_fit
29,180,76,M,fit
29,188,90,F,not_fit
30,188,87,M,fit
22,159,65,F,not_fit
14,155,31,M,not_fit
16,169,34,M,not_fit
29,152,94,F,not_fit
16,174,62,M,fit
6,105,25,F,fit
32,190,92,F,not_fit
29,172,102,F,not_fit
13,137,50,M,not_fit
35,182,64,M,fit
26,176,61,M,fit
22,156,76,F,not_fit
6,129,28,F,fit
28,152,107,M,not_fit
15,137,52,F,not_fit
8,115,35,F,not_fit
12,153,48,M,fit
8,105,25,M,fit
18,182,86,F,not_fit
18,159,63,M,fit
36,160,79,M,not_fit
9,116,29,M,fit
20,174,107,M,not_fit
26,170,73,M,not_fit
13,152,61,F,not_fit
19,170,80,M,not_fit
31,169,70,F,fit
36,179,86,M,not_fit
10,160,41,M,fit
28,187,86,M,fit
37,163,51,F,fit
8,94,32,M,not_fit
16,179,60,F,fit
40,162,64,M,fit
18,187,76,M,fit
36,188,99,M,not_fit
5,97,33,F,not_fit
15,158,61,F,fit
37,151,110,M,not_fit
34,165,67,F,fit
10,164,62,F,fit
22,153,53,F,fit
36,153,51,F,fit
17,141,42,F,fit
25,169,47,M,fit
17,165,68,M,fit
16,152,37,M,fit
33,164,58,F,fit
24,179,49,M,fit
13,152,54,F,fit
21,159,56,M,fit
7,119,32,F,fit
17,176,60,F,fit
29,183,54,M,fit
25,162,48,M,fit
22,157,77,F,not_fit
34,152,87,F,not_fit
6,99,26,M,not_fit
37,154,58,M,fit
27,166,81,F,not_fit
8,107,29,F,not_fit
6,124,24,M,fit
30,163,58,M,fit
28,185,85,M,fit
14,162,38,F,fit
25,160,60,M,fit
9,101,22,F,fit
32,162,83,F,not_fit
22,177,55,F,fit
9,96,19,F,fit
18,180,87,M,not_fit
21,159,61,F,fit
15,130,62,M,not_fit
5,105,20,F,fit
16,145,64,M,not_fit
37,183,109,M,not_fit
31,185,57,F,fit
28,150,91,M,not_fit
36,180,104,M,not_fit
5,108,25,F,fit
19,151,47,M,fit
14,150,68,F,not_fit
36,164,105,F,not_fit
36,161,81,F,not_fit
30,188,82,F,fit
29,182,51,F,fit
37,161,97,F,not_fit
32,156,62,F,not_fit
27,176,95,M,not_fit
16,160,44,F,fit
15,149,38,F,fit
30,170,91,F,not_fit
25,161,89,F,not_fit
10,140,61,M,not_fit
33,151,84,M,not_fit
40,186,108,F,not_fit
9,105,19,F,fit
7,111,17,M,not_fit
25,170,87,F,not_fit
25,187,99,M,not_fit
39,190,48,F,not_fit
23,155,95,M,not_fit
9,110,27,M,fit
22,184,104,F,not_fit
16,166,67,F,fit
17,131,48,M,not_fit
15,137,39,M,fit
34,184,102,M,not_fit
17,175,51,F,fit
27,155,108,M,not_fit
39,159,61,F,fit
21,169,77,F,not_fit
24,178,54,M,fit
20,151,105,M,not_fit
34,177,80,M,not_fit
7,117,17,M,not_fit
6,121,16,M,not_fit
18,152,90,M,not_fit
30,174,109,M,not_fit
23,153,76,F,not_fit
6,92,24,F,not_fit
20,176,71,M,fit
38,166,49,F,fit
35,172,87,F,not_fit
25,173,102,M,not_fit
11,177,53,M,fit
24,178,55,F,fit
13,156,39,F,fit
28,179,68,M,fit
39,171,67,M,fit
10,145,48,M,fit
35,184,108,F,not_fit
13,138,64,F,not_fit
31,190,58,M,fit
25,169,102,M,not_fit
14,151,70,F,not_fit
10,168,57,M,fit
33,188,108,F,not_fit
39,160,88,M,not_fit
38,154,64,F,not_fit
38,155,94,F,not_fit
18,178,78,M,fit
15,156,64,M,not_fit
39,155,70,F,not_fit
23,187,71,F,fit
33,189,50,M,not_fit
15,137,54,M,not_fit
9,111,20,M,fit
12,150,58,F,not_fit
28,171,108,F,not_fit
5,135,26,M,fit
22,154,64,F,not_fit
17,132,37,F,fit
12,155,53,M,fit
16,135,42,F,fit
39,184,64,F,fit
26,184,74,F,fit
6,128,21,M,not_fit
39,163,46,F,fit
38,187,93,M,not_fit
27,181,86,M,not_fit
18,172,49,M,fit
37,184,87,M,not_fit
27,189,61,F,fit
31,159,48,F,fit
33,175,91,M,not_fit
29,150,66,M,not_fit
20,182,65,F,fit
35,164,102,F,not_fit
29,151,100,M,not_fit
34,158,70,M,not_fit
18,178,98,F,not_fit
20,185,86,F,not_fit
22,151,47,F,fit
39,154,51,M,fit
23,185,99,M,not_fit
29,177,104,M,not_fit
8,125,22,M,fit
15,130,61,F,not_fit
35,183,108,M,not_fit
25,150,53,F,fit
15,135,41,F,fit
25,166,79,M,not_fit
11,146,35,M,fit
26,176,69,F,fit
5,116,15,M,not_fit
21,166,75,M,not_fit
28,150,87,F,not_fit
25,173,72,F,fit
23,171,67,F,fit
29,173,81,F,not_fit
5,117,31,M,fit
13,156,40,M,fit
39,172,71,M,fit
37,179,46,F,fit
39,162,76,M,not_fit
34,179,73,F,fit
36,161,77,F,not_fit
28,151,93,F,not_fit
19,164,70,F,not_fit
30,156,101,M,not_fit
22,176,60,F,fit
37,189,77,M,fit
31,183,50,F,fit
18,174,76,M,not_fit
18,178,49,F,fit
20,174,45,F,fit
38,151,104,F,not_fit
37,177,49,M,fit
8,134,18,F,not_fit
7,135,12,M,not_fit
38,174,73,F,fit
29,161,102,M,not_fit
35,185,67,M,fit
29,180,105,F,not_fit
16,174,54,M,fit
7,137,12,F,not_fit
24,174,91,M,not_fit
30,166,48,F,fit
37,163,83,M,not_fit
5,102,21,M,fit
39,188,63,F,fit
39,159,93,M,not_fit
17,141,67,F,not_fit
15,140,66,F,not_fit
32,156,80,M,not_fit
38,156,94,F,not_fit
22,178,77,M,fit
16,169,63,F,fit
14,151,54,M,fit
26,168,96,F,not_fit
22,184,82,M,fit
15,144,51,M,fit
40,177,86,F,not_fit
36,164,71,M,not_fit
24,156,66,M,not_fit
34,188,86,F,fit
13,153,49,F,fit
32,167,85,F,not_fit
5,106,24,F,fit
38,154,56,M,fit
28,185,102,M,not_fit
25,183,67,F,fit
21,172,107,M,not_fit
32,184,105,F,not_fit
18,157,46,F,fit
5,119,15,M,not_fit
5,109,21,F,fit
5,122,28,F,fit
18,162,83,F,not_fit
33,177,78,M,fit
25,179,79,F,fit
40,183,95,M,not_fit
19,156,100,M,not_fit
21,181,47,F,fit
10,139,60,M,not_fit
9,102,26,F,fit
8,121,15,F,not_fit
38,169,55,M,fit
7,135,34,M,fit
18,185,99,F,not_fit
36,178,54,F,fit
37,154,78,M,not_fit
7,103,29,M,not_fit
29,154,91,M,not_fit
38,179,77,M,fit
30,185,69,M,fit
39,168,46,F,fit
34,166,84,F,not_fit
22,167,80,F,not_fit
37,163,86,M,not_fit
37,174,96,F,not_fit
36,157,95,F,not_fit
23,181,99,F,not_fit
9,103,17,F,fit
26,173,76,F,not_fit
23,180,88,M,not_fit
24,176,51,M,fit
11,131,66,M,not_fit
7,102,33,M,not_fit
18,184,51,F,fit
24,179,55,M,fit
36,181,58,F,fit
34,188,75,F,fit
9,97,25,F,not_fit
25,151,54,F,fit
35,190,83,F,fit
40,153,60,F,not_fit
33,178,106,F,not_fit
35,172,55,M,fit
11,132,44,F,not_fit
30,178,77,M,fit
12,130,63,M,not_fit
9,105,27,F,fit
18,174,62,F,fit
39,167,89,F,not_fit
18,163,95,M,not_fit
8,122,31,M,fit
11,164,33,F,not_fit
36,161,59,M,fit
20,162,70,F,not_fit
12,180,53,M,fit
5,131,33,F,fit
13,156,49,F,fit
11,142,37,M,fit
33,152,62,M,not_fit
27,181,62,M,fit
16,138,42,F,fit
25,157,48,F,fit
16,168,42,F,fit
21,188,102,F,not_fit
39,166,56,M,fit
30,151,77,M,not_fit
22,174,70,F,fit
18,167,76,M,not_fit
26,186,78,M,fit
25,163,70,F,not_fit
5,113,22,M,fit
35,153,88,M,not_fit
30,158,59,F,fit
24,189,101,M,not_fit
23,169,64,M,fit
19,187,67,F,fit
17,148,35,M,fit
37,175,64,M,fit
33,156,69,F,not_fit
22,188,60,M,fit
10,160,31,M,not_fit
25,168,99,M,not_fit
25,179,48,F,fit
10,152,37,M,fit
15,158,37,M,fit
24,180,46,M,fit
23,150,53,F,fit
26,183,97,F,not_fit
26,162,100,M,not_fit
40,176,49,F,fit
13,159,42,M,fit
36,181,76,M,fit
10,168,52,F,fit
23,152,51,F,fit
14,142,39,F,fit
36,183,70,M,fit
24,187,88,F,not_fit
12,160,37,F,fit
8,98,31,F,not_fit
23,171,52,M,fit
38,189,71,F,fit
14,133,38,M,fit
21,154,87,F,not_fit
31,187,73,F,fit
5,112,27,F,fit
23,163,104,M,not_fit
33,153,102,M,not_fit
20,160,54,F,fit
24,187,101,F,not_fit
39,189,51,M,fit
9,117,12,F,not_fit
37,173,96,M,not_fit
13,130,37,M,fit
38,186,51,M,fit
10,154,36,F,fit
27,184,94,F,not_fit
19,162,103,M,not_fit
17,164,36,M,not_fit
40,183,76,F,fit
24,180,46,F,fit
25,172,60,F,fit
16,162,64,M,fit
12,132,50,M,not_fit
39,186,100,F,not_fit
30,185,52,F,fit
6,116,31,F,fit
13,155,54,F,fit
23,173,70,F,fit
15,163,57,F,fit
20,176,91,F,not_fit
10,142,58,F,not_fit
18,158,68,M,not_fit
32,155,89,F,not_fit
28,165,101,M,not_fit
35,156,61,M,not_fit
13,157,37,M,fit
18,164,65,M,fit
7,96,15,F,fit
30,165,93,M,not_fit
8,140,18,F,not_fit
7,102,19,F,fit
35,189,46,M,not_fit
5,119,20,F,fit
36,155,50,F,fit
22,159,98,M,not_fit
35,155,74,M,not_fit
13,175,52,F,fit
27,182,70,M,fit
23,172,76,F,not_fit
13,162,50,F,fit
39,163,45,F,fit
10,177,36,M,not_fit
10,158,45,F,fit
24,188,73,F,fit
24,184,74,F,fit
28,150,92,F,not_fit
28,152,94,F,not_fit
19,158,45,F,fit
8,119,24,M,fit
10,150,40,M,fit
39,161,67,F,not_fit
14,154,51,M,fit
13,147,32,F,fit
38,162,49,F,fit
18,175,45,M,fit
40,170,60,M,fit
7,101,22,M,fit
33,178,104,M,not_fit
30,160,76,M,not_fit
33,176,78,F,not_fit
33,174,98,M,not_fit
11,162,50,M,fit
40,182,56,M,fit
38,180,89,F,not_fit
16,150,39,F,fit
18,182,102,M,not_fit
33,159,62,F,fit
35,157,77,F,not_fit
18,185,96,F,not_fit
22,162,55,F,fit
27,168,63,F,fit
21,151,48,F,fit
16,157,67,F,not_fit
40,182,76,M,fit
39,161,87,M,not_fit
11,131,60,M,not_fit
18,186,51,F,fit
25,153,96,F,not_fit
18,152,51,F,fit
18,163,77,M,not_fit
31,186,97,F,not_fit
37,182,70,M,fit
6,135,18,F,not_fit
13,140,42,F,fit
32,183,74,M,fit
33,188,45,M,not_fit
16,173,34,F,not_fit
15,148,69,F,not_fit
8,116,20,M,fit
7,111,25,M,fit
7,94,14,M,fit
23,176,65,F,fit
36,172,71,F,fit
6,110,30,M,fit
34,172,81,F,not_fit
12,180,47,M,fit
18,172,92,F,not_fit
27,179,70,F,fit
21,168,99,F,not_fit
36,163,84,F,not_fit
33,163,51,M,fit
28,185,63,M,fit
18,175,47,M,fit
22,187,110,F,not_fit
23,162,92,F,not_fit
12,157,52,F,fit
20,177,60,F,fit
30,172,67,F,fit
19,171,52,M,fit
10,134,34,M,fit
18,152,80,M,not_fit
23,189,48,M,not_fit
6,127,32,F,fit
29,183,68,M,fit
27,185,57,M,fit
20,154,92,M,not_fit
11,178,41,M,not_fit
22,167,49,F,fit
21,188,98,M,not_fit
9,92,30,F,not_fit
10,174,47,M,fit
20,154,46,F,fit
8,100,19,M,fit
27,185,61,F,fit
21,186,86,F,fit
12,145,41,F,fit
33,158,85,M,not_fit
26,156,95,M,not_fit
9,97,27,M,not_fit
25,162,97,M,not_fit
32,150,98,M,not_fit
25,173,47,F,fit
40,161,83,F,not_fit
19,157,52,F,fit
30,179,65,M,fit
28,172,78,F,not_fit
11,154,43,F,fit
34,171,48,F,fit
9,130,25,F,fit
7,125,28,M,fit
5,131,35,M,fit
28,158,109,M,not_fit
17,158,30,M,not_fit
31,183,51,F,fit
13,137,39,M,fit
15,164,45,F,fit
12,180,54,F,fit
35,165,88,F,not_fit
13,135,63,M,not_fit
21,184,78,F,fit
18,150,71,F,not_fit
33,173,93,M,not_fit
32,152,65,F,not_fit
11,135,36,M,fit
6,126,30,M,fit
15,138,38,F,fit
35,165,105,F,not_fit
14,158,30,M,not_fit
8,119,21,M,fit
6,122,29,F,fit
30,188,59,M,fit
9,130,28,M,fit
33,158,85,F,not_fit
34,179,79,M,fit
11,153,31,M,not_fit
30,160,56,F,fit
28,158,74,M,not_fit
5,128,14,M,not_fit
23,189,109,M,not_fit
38,164,89,M,not_fit
19,182,82,M,fit
13,160,49,F,fit
34,159,53,F,fit
30,158,93,F,not_fit
12,176,63,M,fit
11,133,49,M,not_fit
34,186,54,F,fit
18,184,78,M,fit
15,149,60,M,not_fit
21,176,106,F,not_fit
36,175,54,M,fit
35,175,100,M,not_fit
35,189,85,F,fit
33,184,49,M,fit
30,185,94,F,not_fit
24,157,92,F,not_fit
33,172,90,M,not_fit
16,131,39,F,fit
38,189,79,F,fit
21,185,87,M,not_fit
29,187,83,F,fit
33,174,105,M,not_fit
40,166,108,M,not_fit
28,184,87,F,not_fit
12,148,30,M,not_fit
19,187,92,M,not_fit
17,148,36,F,fit
38,180,45,F,not_fit
27,161,47,M,fit
14,173,42,F,fit
17,161,46,F,fit
40,170,45,M,fit
7,125,34,F,fit
34,163,46,M,fit
20,167,89,M,not_fit
25,174,81,F,not_fit
6,106,17,F,fit
24,179,72,M,fit
27,169,96,F,not_fit
27,159,100,M,not_fit
15,173,36,M,not_fit
17,152,66,F,not_fit
37,171,106,F,not_fit
38,162,99,F,not_fit
36,161,107,F,not_fit
16,149,43,F,fit
30,180,72,F,fit
31,190,87,M,fit
24,169,101,F,not_fit
30,168,88,F,not_fit
22,183,103,F,not_fit
19,154,63,F,not_fit
16,141,42,F,fit
21,161,77,M,not_fit
11,158,39,F,fit
14,131,47,M,not_fit
24,176,109,M,not_fit
29,163,58,M,fit
9,109,19,F,fit
20,178,99,F,not_fit
18,182,93,F,not_fit
26,180,58,F,fit
16,155,44,F,fit
6,90,34,M,not_fit
18,159,45,F,fit
37,164,66,F,fit
25,182,84,F,not_fit
16,163,41,M,fit
17,146,69,M,not_fit
35,187,106,M,not_fit
18,163,104,M,not_fit
6,140,30,F,fit
17,160,33,F,not_fit
21,189,90,F,not_fit
33,155,74,F,not_fit
39,166,103,F,not_fit
5,103,16,F,fit
38,153,51,F,fit
36,160,55,F,fit
10,159,50,M,fit
28,179,71,M,fit
31,160,52,F,fit
35,167,57,F,fit
17,155,57,M,fit
21,190,69,F,fit
10,180,52,F,fit
25,184,84,M,fit
31,172,84,F,not_fit
40,163,81,M,not_fit
20,184,77,M,fit
30,170,51,F,fit
22,180,61,M,fit
20,168,108,F,not_fit
5,131,18,F,not_fit
21,152,51,M,fit
10,150,55,M,fit
16,180,44,M,not_fit
35,166,65,F,fit
28,188,92,M,not_fit
8,130,34,F,fit
26,182,55,F,fit
33,163,95,M,not_fit
25,183,91,M,not_fit
23,159,95,M,not_fit
17,151,59,F,not_fit
22,165,46,F,fit
29,163,84,F,not_fit
7,101,12,F,not_fit
13,148,65,M,not_fit
33,176,100,F,not_fit
27,160,86,F,not_fit
16,147,70,F,not_fit
40,171,101,M,not_fit
27,189,54,M,fit
11,160,45,M,fit
14,176,31,F,not_fit
10,159,65,F,not_fit
15,169,33,M,not_fit
23,177,45,M,fit
38,160,54,F,fit
5,107,15,M,not_fit
6,121,22,M,fit
13,136,63,M,not_fit
30,160,103,M,not_fit
15,134,31,F,fit
15,140,59,F,not_fit
17,168,70,M,fit
12,168,69,F,fit
17,162,40,F,fit
32,185,64,F,fit
10,167,49,F,fit
35,164,78,M,not_fit
35,172,106,M,not_fit
28,162,77,M,not_fit
22,187,105,M,not_fit
26,157,57,F,fit
24,167,66,F,fit
26,150,107,M,not_fit
21,156,103,F,not_fit
24,175,85,F,not_fit
15,169,49,M,fit
17,173,46,M,fit
14,159,42,F,fit
17,134,33,M,fit
15,143,63,M,not_fit
11,161,49,F,fit
5,103,13,F,not_fit
37,173,92,M,not_fit
10,153,58,F,fit
23,166,67,M,fit
36,164,107,F,not_fit
39,163,66,M,fit
5,94,35,M,not_fit
6,95,27,F,not_fit
5,103,28,M,not_fit
11,138,60,M,not_fit
7,108,30,M,not_fit
6,110,23,M,fit
15,165,38,F,not_fit
24,168,88,M,not_fit
37,153,69,M,not_fit
31,161,98,F,not_fit
36,174,51,F,fit
10,139,47,M,fit
28,154,87,F,not_fit
20,166,79,M,not_fit
10,166,37,M,not_fit
31,153,56,F,fit
14,169,51,F,fit
33,167,103,F,not_fit
31,188,95,M,not_fit
39,154,67,M,not_fit
24,172,83,M,not_fit
30,169,72,M,not_fit
33,154,107,M,not_fit
14,160,64,F,fit
19,152,53,F,fit
20,174,90,M,not_fit
15,169,68,M,fit
35,185,69,M,fit
37,172,107,M,not_fit
18,157,95,M,not_fit
10,154,57,M,fit
19,163,110,M,not_fit
30,173,54,M,fit
32,166,47,F,fit
20,160,88,M,not_fit
25,160,97,M,not_fit
15,133,46,F,not_fit
15,180,58,F,fit
14,142,36,F,fit
23,152,49,F,fit
32,170,92,M,not_fit
18,165,72,M,not_fit
13,161,53,F,fit
34,163,63,M,fit
33,153,53,F,fit
34,150,99,F,not_fit
6,101,33,F,not_fit
27,160,94,F,not_fit
33,174,108,F,not_fit
27,155,78,M,not_fit
26,186,72,M,fit
29,154,98,M,not_fit
21,157,76,F,not_fit
18,155,55,M,fit
31,173,52,F,fit
16,157,46,M,fit
19,159,66,M,not_fit
29,168,75,F,not_fit
13,147,59,M,not_fit
31,179,91,M,not_fit
13,147,44,M,fit
25,162,58,F,fit
18,157,76,F,not_fit
14,154,64,F,not_fit
38,178,58,M,fit
19,167,98,M,not_fit
17,147,65,F,not_fit
25,167,101,M,not_fit
7,123,18,M,not_fit
37,157,57,F,fit
23,177,103,F,not_fit
13,146,53,M,fit
39,155,107,M,not_fit
24,189,79,M,fit
27,183,53,M,fit
12,156,69,F,not_fit
7,93,34,F,not_fit
12,164,52,M,fit
18,169,65,M,fit
16,133,66,F,not_fit
22,174,47,F,fit
11,159,62,F,fit
37,157,69,M,not_fit
14,170,37,M,not_fit
31,173,61,M,fit
14,150,46,F,fit
30,189,56,M,fit
13,131,32,M,fit
27,165,83,M,not_fit
22,179,77,M,fit
8,128,26,F,fit
26,156,65,M,not_fit
7,102,33,M,not_fit
33,167,109,M,not_fit
21,168,99,F,not_fit
29,165,83,F,not_fit
5,131,18,F,not_fit
21,171,92,M,not_fit
13,141,36,M,fit
14,148,42,F,fit
20,176,60,F,fit
38,163,80,F,not_fit
6,110,15,M,not_fit
21,176,92,F,not_fit
11,176,41,F,not_fit
10,175,44,M,fit
27,168,48,F,fit
36,169,48,F,fit
33,157,90,F,not_fit
20,152,56,M,fit
11,145,49,F,fit
38,155,58,M,fit
28,158,95,M,not_fit
16,174,36,F,not_fit
34,152,71,F,not_fit
29,179,57,M,fit
13,136,47,M,not_fit
33,174,85,F,not_fit
38,168,69,F,fit
11,152,61,M,not_fit
27,161,70,F,not_fit
22,167,107,F,not_fit
24,155,74,F,not_fit
21,187,46,F,not_fit
7,96,26,F,not_fit
35,151,95,F,not_fit
8,130,12,M,not_fit
28,158,62,F,fit
23,171,81,F,not_fit
27,161,82,F,not_fit
15,150,47,F,fit
27,156,47,F,fit
40,169,80,F,not_fit
21,169,93,M,not_fit
15,143,38,F,fit
24,160,86,M,not_fit
18,155,89,F,not_fit
20,185,62,F,fit
14,133,56,M,not_fit
8,121,33,F,fit
18,153,93,M,not_fit
11,163,50,M,fit
6,105,27,F,fit
14,148,49,F,fit
32,164,67,F,fit
9,123,30,M,fit
6,96,25,F,not_fit
22,190,68,F,fit
30,158,98,F,not_fit
29,156,67,F,not_fit
6,102,33,F,not_fit
18,158,45,F,fit
23,180,80,M,fit
8,136,28,F,fit
17,175,57,M,fit
13,174,63,M,fit
15,175,39,F,not_fit
18,190,108,F,not_fit
14,173,37,M,not_fit
20,169,75,M,not_fit
33,161,90,F,not_fit
37,163,78,F,not_fit
17,148,70,F,not_fit
14,176,30,F,not_fit
28,187,98,M,not_fit
11,161,38,F,fit
31,180,65,F,fit
28,150,82,F,not_fit
17,130,62,F,not_fit
29,169,46,M,fit
32,169,108,F,not_fit
32,165,79,F,not_fit
26,160,60,F,fit
31,177,95,F,not_fit
22,185,92,M,not_fit
26,188,73,F,fit
6,137,20,M,not_fit
6,120,29,F,fit
37,170,75,F,not_fit
22,158,69,F,not_fit
19,173,83,M,not_fit
18,176,54,F,fit
40,154,107,F,not_fit
16,145,69,M,not_fit
36,179,90,F,not_fit
9,128,16,M,not_fit
33,183,78,F,fit
31,190,106,M,not_fit
12,130,41,M,fit
20,185,64,M,fit
10,144,34,M,fit
8,135,19,F,not_fit
24,151,78,F,not_fit
18,164,59,M,fit
33,163,64,M,fit
18,175,88,M,not_fit
20,188,83,M,fit
6,120,20,M,not_fit
40,167,103,F,not_fit
10,156,39,F,fit
36,181,69,F,fit
11,179,48,F,fit
7,137,32,M,fit
31,176,93,M,not_fit
31,155,45,M,fit
24,174,76,M,not_fit
22,159,70,M,not_fit
27,188,52,F,fit
22,176,49,F,fit
25,175,72,M,fit
15,139,42,F,fit
30,181,94,F,not_fit
36,155,98,M,not_fit
18,154,96,M,not_fit
18,172,57,F,fit
22,189,48,M,not_fit
37,169,55,M,fit
35,184,49,M,fit
34,187,69,F,fit
30,169,109,M,not_fit
18,184,73,F,fit
19,171,50,M,fit
30,151,62,M,not_fit
7,138,14,M,not_fit
23,189,68,M,fit
31,177,91,F,not_fit
37,178,86,F,not_fit
24,159,98,M,not_fit
32,174,73,M,fit
6,120,22,F,fit
37,177,87,M,not_fit
26,150,59,M,not_fit
8,127,20,M,not_fit
37,188,54,M,fit
28,151,62,F,not_fit
19,165,87,F,not_fit
19,171,77,F,not_fit
14,159,50,M,fit
33,166,62,F,fit
8,112,20,M,fit
5,106,24,M,fit
29,161,75,F,not_fit
31,153,75,M,not_fit
9,112,16,F,not_fit
6,104,26,M,fit
23,186,50,M,fit
8,105,21,F,fit
26,182,72,M,fit
37,166,88,M,not_fit
19,163,103,F,not_fit
6,101,28,F,not_fit
34,187,73,F,fit
15,140,62,M,not_fit
25,187,70,M,fit
28,157,87,F,not_fit
24,189,63,M,fit
18,183,54,M,fit
33,183,56,F,fit
24,163,64,M,fit
10,169,37,F,not_fit
39,158,70,F,not_fit
32,161,72,F,not_fit
16,161,48,F,fit
5,101,28,F,not_fit
40,187,66,F,fit
8,116,27,F,fit
12,175,69,M,fit
32,163,47,M,fit
39,166,54,M,fit
40,162,63,F,fit
14,169,47,M,fit
29,166,55,F,fit
27,174,51,F,fit
15,157,50,F,fit
27,150,75,F,not_fit
18,184,105,F,not_fit
7,114,23,M,fit
9,99,30,M,not_fit
8,120,18,M,not_fit
22,158,45,M,fit
9,98,22,F,fit
34,171,108,F,not_fit
7,137,25,M,not_fit
6,121,26,M,fit
40,166,105,F,not_fit
10,139,38,M,fit
21,154,93,F,not_fit
24,153,104,F,not_fit
33,179,74,F,fit
11,138,46,M,fit
23,185,99,F,not_fit
39,159,70,M,not_fit
10,156,61,F,not_fit
40,176,82,M,not_fit
38,190,104,M,not_fit
21,177,99,F,not_fit
33,183,110,F,not_fit
8,116,30,M,fit
23,178,89,F,not_fit
32,162,53,F,fit
19,185,97,M,not_fit
28,151,108,F,not_fit
23,186,98,M,not_fit
10,147,50,F,fit
39,171,71,M,fit
33,151,51,M,fit
6,110,17,M,fit
24,186,62,M,fit
24,171,76,M,not_fit
30,163,94,M,not_fit
25,185,65,F,fit
6,97,31,M,not_fit
18,187,96,M,not_fit
14,158,50,F,fit
11,147,45,F,fit
18,153,56,F,fit
36,182,87,F,not_fit
38,179,73,F,fit
17,150,35,F,fit
21,175,97,F,not_fit
7,137,29,F,fit
16,145,66,M,not_fit
12,142,63,M,not_fit
21,178,109,F,not_fit
20,167,58,M,fit
25,160,88,M,not_fit
12,160,70,M,not_fit
16,163,60,M,fit
38,171,103,M,not_fit
16,133,69,M,not_fit
11,154,55,F,fit
10,172,38,F,not_fit
36,158,71,M,not_fit
40,164,49,M,fit
25,157,61,M,fit
36,167,108,F,not_fit
40,172,94,F,not_fit
7,128,13,M,not_fit
23,151,92,F,not_fit
10,162,35,F,not_fit
9,107,18,F,fit
30,172,54,F,fit
25,182,49,M,fit
18,151,110,M,not_fit
17,164,40,M,fit
23,153,47,M,fit
30,159,98,F,not_fit
13,145,38,F,fit
14,164,43,M,fit
36,167,100,M,not_fit
38,156,104,F,not_fit
6,108,34,M,not_fit
37,174,72,M,fit
25,188,99,M,not_fit
5,102,26,M,fit
28,156,70,F,not_fit
11,166,37,M,not_fit
24,163,99,M,not_fit
33,160,103,M,not_fit
18,175,83,M,not_fit
33,165,107,F,not_fit
6,132,20,M,not_fit
22,162,94,M,not_fit
20,156,73,M,not_fit
9,127,22,M,not_fit
38,190,85,M,fit
26,176,81,F,not_fit
24,183,47,F,fit
26,188,105,M,not_fit
18,181,71,F,fit
5,100,17,F,fit
25,151,88,F,not_fit
27,173,94,M,not_fit
35,161,109,M,not_fit
39,170,104,M,not_fit
22,166,55,F,fit
36,157,47,M,fit
18,181,103,F,not_fit
40,183,108,M,not_fit
40,151,103,M,not_fit
39,159,90,F,not_fit
36,170,110,M,not_fit
6,134,17,F,not_fit
21,189,84,M,fit
18,164,81,F,not_fit
19,184,77,M,fit
36,184,100,F,not_fit
34,180,55,M,fit
36,182,68,F,fit
35,163,108,F,not_fit
22,150,94,F,not_fit
26,154,56,F,fit
15,150,63,M,not_fit
9,94,20,F,fit
20,179,53,M,fit
19,164,106,F,not_fit
7,101,20,F,fit
10,177,68,F,fit
21,179,65,F,fit
8,93,18,F,fit
33,169,100,F,not_fit
16,170,53,M,fit
22,172,100,M,not_fit
35,164,91,M,not_fit
29,183,50,F,fit
25,152,79,F,not_fit
21,160,69,M,not_fit
10,179,45,M,fit
15,175,59,M,fit
5,136,30,F,fit
15,178,44,F,not_fit
6,110,25,F,fit
24,162,47,M,fit
9,116,17,F,not_fit
32,167,52,F,fit
14,140,50,F,not_fit
23,175,91,F,not_fit
24,157,75,F,not_fit
16,131,49,M,not_fit
30,177,108,M,not_fit
40,164,47,M,fit
15,174,53,F,fit
14,154,47,F,fit
14,149,54,M,fit
32,158,109,F,not_fit
12,154,67,M,not_fit
18,177,105,M,not_fit
6,101,31,M,not_fit
18,189,80,M,fit
17,165,51,F,fit
25,189,107,M,not_fit
34,161,98,F,not_fit
36,186,94,M,not_fit
7,122,17,F,not_fit
5,122,31,F,fit
37,150,69,M,not_fit
38,182,61,F,fit
13,143,52,M,not_fit
33,171,59,M,fit
8,91,23,F,not_fit
20,164,96,M,not_fit
39,153,85,F,not_fit
8,125,31,M,fit
26,160,79,F,not_fit
25,190,57,M,fit
22,187,66,M,fit
29,161,58,M,fit
11,136,51,M,not_fit
23,157,100,M,not_fit
25,163,45,M,fit
14,149,65,M,not_fit
23,150,108,F,not_fit
38,173,71,F,fit
31,190,48,F,not_fit
22,174,107,M,not_fit
36,185,83,F,fit
32,177,75,M,fit
24,151,106,M,not_fit
13,151,47,F,fit
9,114,34,F,not_fit
8,122,17,F,not_fit
22,154,50,F,fit
29,155,52,F,fit
5,105,12,M,not_fit
10,139,45,F,fit
15,147,40,M,fit
15,144,48,F,fit
19,158,69,M,not_fit
36,189,59,F,fit
17,146,41,F,fit
7,134,22,F,not_fit
6,108,21,M,fit
18,188,65,F,fit
12,165,57,F,fit
26,162,46,M,fit
10,148,56,M,not_fit
10,133,56,M,not_fit
23,174,79,F,not_fit
28,189,62,M,fit
13,133,37,M,fit
12,171,33,F,not_fit
8,99,15,M,fit
32,156,99,F,not_fit
31,169,108,M,not_fit
8,96,20,F,fit
17,140,51,M,not_fit
10,155,68,M,not_fit
12,144,67,M,not_fit
27,163,51,M,fit
36,182,109,F,not_fit
19,184,74,M,fit
27,182,62,M,fit
24,166,97,M,not_fit
22,155,110,M,not_fit
28,151,78,F,not_fit
15,145,50,F,fit
33,163,82,F,not_fit
25,174,45,M,fit
12,177,68,F,fit
20,169,69,M,fit
32,184,76,F,fit
7,139,33,M,fit
38,190,94,M,not_fit
29,171,83,M,not_fit
27,186,61,F,fit
13,132,34,F,fit
18,182,85,M,not_fit
35,182,85,F,not_fit
35,158,64,M,not_fit
10,150,65,M,not_fit
5,123,15,M,not_fit
37,181,90,F,not_fit
31,181,90,F,not_fit
16,172,49,F,fit
23,189,51,F,fit
11,161,47,F,fit
8,128,33,F,fit
19,156,60,F,fit
22,158,77,F,not_fit
37,187,105,F,not_fit
40,181,95,F,not_fit
26,150,84,F,not_fit
23,158,85,F,not_fit
24,151,64,F,not_fit
37,180,82,M,not_fit
26,163,45,F,fit
24,180,104,M,not_fit
35,187,57,M,fit
13,178,44,F,not_fit
18,168,106,F,not_fit
29,178,105,F,not_fit
38,154,66,M,not_fit
19,169,89,M,not_fit
34,179,74,F,fit
10,140,58,M,not_fit
11,152,61,F,not_fit
21,164,89,M,not_fit
32,159,51,M,fit
36,177,104,F,not_fit
26,156,105,F,not_fit
24,167,72,F,not_fit
11,138,44,F,fit
23,182,75,M,fit
30,190,79,F,fit
25,165,77,M,not_fit
22,169,110,M,not_fit
19,167,100,F,not_fit
20,167,86,F,not_fit
23,152,82,F,not_fit
39,158,51,M,fit
11,145,58,F,not_fit
34,160,72,M,not_fit
6,99,17,F,fit
38,173,99,M,not_fit
10,163,53,M,fit
29,171,101,M,not_fit
38,159,92,M,not_fit
37,161,54,F,fit
13,142,63,M,not_fit
18,169,83,M,not_fit
40,183,77,M,fit
16,143,54,M,not_fit
7,91,26,F,not_fit
24,159,94,M,not_fit
25,175,94,F,not_fit
15,176,34,F,not_fit
37,169,76,M,not_fit
13,153,60,F,not_fit
23,184,102,M,not_fit
13,172,55,M,fit
26,189,103,F,not_fit
13,150,39,M,fit
14,133,41,M,fit
28,158,107,M,not_fit
12,160,64,F,fit
31,177,61,F,fit
12,131,62,M,not_fit
18,174,67,M,fit
24,186,89,M,not_fit
14,179,53,M,fit
17,169,33,F,not_fit
11,152,66,M,not_fit
15,179,50,F,fit
22,150,45,F,fit
16,161,46,M,fit
34,163,89,M,not_fit
6,108,15,M,not_fit
12,148,69,F,not_fit
38,170,83,M,not_fit
24,173,102,M,not_fit
8,92,17,M,fit
39,188,54,M,fit
14,134,44,M,fit
26,185,67,F,fit
37,183,95,F,not_fit
23,182,92,F,not_fit
18,156,45,M,fit
31,177,75,M,fit
33,176,83,F,not_fit
29,187,53,F,fit
5,91,23,M,not_fit
30,181,110,F,not_fit
29,166,59,M,fit
38,189,71,M,fit
19,160,106,F,not_fit
27,170,45,F,fit
28,169,61,F,fit
22,169,57,M,fit
12,149,49,F,fit
40,153,49,M,fit
5,107,34,F,not_fit
29,163,105,M,not_fit
15,133,32,F,fit
29,177,98,F,not_fit
17,154,62,F,not_fit
16,165,55,M,fit
24,161,81,M,not_fit
16,153,49,M,fit
33,170,45,F,fit
21,166,68,M,fit
13,166,60,M,fit
18,188,94,M,not_fit
18,156,49,F,fit
28,178,55,F,fit
27,178,54,M,fit
37,187,76,M,fit
21,155,85,F,not_fit
33,174,67,F,fit
39,186,97,M,not_fit
16,159,58,F,fit
13,166,64,F,fit
9,96,27,M,not_fit
11,152,30,F,not_fit
31,177,87,M,not_fit
12,137,36,M,fit
24,183,58,F,fit
37,159,97,M,not_fit
29,152,57,M,fit
35,184,97,F,not_fit
26,183,101,F,not_fit
35,177,82,F,not_fit
31,180,100,M,not_fit
25,167,85,F,not_fit
24,184,97,F,not_fit
5,118,24,F,fit
9,111,25,M,fit
10,158,59,M,fit
22,166,84,M,not_fit
18,171,96,F,not_fit
29,165,78,F,not_fit
12,159,63,F,fit
33,158,84,F,not_fit
8,98,29,M,not_fit
14,152,36,F,fit
10,142,64,F,not_fit
11,140,60,F,not_fit
15,135,44,M,fit
21,173,76,M,not_fit
13,149,50,M,fit
6,111,32,M,not_fit
34,162,45,F,fit
26,154,97,F,not_fit
31,173,74,F,fit
36,158,48,M,fit
17,171,32,M,not_fit
14,174,39,M,not_fit
25,175,76,M,fit
30,179,110,M,not_fit
27,185,74,F,fit
32,187,104,M,not_fit
25,174,99,M,not_fit
22,177,106,M,not_fit
7,109,35,F,not_fit
17,141,40,M,fit
14,157,36,F,fit
5,103,20,F,fit
29,180,100,F,not_fit
12,151,36,F,fit
30,154,101,M,not_fit
16,180,46,F,fit
26,172,58,F,fit
34,187,94,M,not_fit
18,171,102,M,not_fit
32,166,46,M,fit
16,169,39,F,not_fit
8,137,23,F,not_fit
33,187,61,M,fit
35,182,61,M,fit
31,189,78,F,fit
7,112,26,F,fit
13,135,41,M,fit
30,184,65,M,fit
5,92,35,M,not_fit
20,175,82,M,not_fit
22,185,73,M,fit
8,121,18,M,not_fit
16,162,65,F,fit
9,122,22,M,fit
24,184,60,M,fit
38,172,99,M,not_fit
22,170,106,M,not_fit
5,131,31,F,fit
38,168,73,M,not_fit
26,152,91,F,not_fit
30,164,97,F,not_fit
27,170,67,M,fit
13,155,53,F,fit
21,186,87,M,not_fit
31,186,77,F,fit
23,172,107,M,not_fit
24,176,53,F,fit
21,167,57,F,fit
40,159,55,M,fit
21,155,97,F,not_fit
24,185,72,F,fit
40,169,52,M,fit
26,184,84,M,fit
6,107,24,F,fit
39,172,106,M,not_fit
28,176,103,M,not_fit
36,187,75,F,fit
15,154,45,M,fit
39,157,68,F,not_fit
23,158,108,F,not_fit
36,171,49,M,fit
34,183,74,F,fit
25,174,51,F,fit
19,185,106,F,not_fit
30,160,75,F,not_fit
34,160,55,F,fit
9,137,35,F,fit
21,178,69,M,fit
13,155,57,M,fit
8,107,28,F,fit
6,111,27,F,fit
9,90,19,M,fit
38,184,73,M,fit
10,137,64,F,not_fit
23,178,80,M,not_fit
13,130,54,M,not_fit
35,183,105,M,not_fit
18,168,100,F,not_fit
14,166,36,M,not_fit
16,180,69,M,fit
20,159,56,F,fit
35,190,77,M,fit
40,184,45,F,not_fit
11,172,64,F,fit
18,166,95,M,not_fit
40,174,46,M,fit
38,180,83,M,not_fit
40,178,85,F,not_fit
23,170,98,F,not_fit
5,108,33,M,not_fit
27,184,103,F,not_fit
40,153,55,M,fit
10,138,59,F,not_fit
32,176,109,M,not_fit
23,177,50,M,fit
16,175,66,M,fit
21,150,66,M,not_fit
35,183,71,M,fit
30,186,94,F,not_fit
11,167,30,M,not_fit
40,163,73,F,not_fit
27,158,91,F,not_fit
38,170,66,M,fit
23,162,101,M,not_fit
28,169,67,F,fit
11,175,50,F,fit
18,165,90,M,not_fit
29,184,92,M,not_fit
19,161,64,M,fit
30,188,80,M,fit
36,173,68,M,fit
19,190,90,F,fit
34,152,66,M,not_fit
36,176,80,M,not_fit
6,102,16,M,fit
36,162,110,M,not_fit
25,176,86,F,not_fit
11,144,37,F,fit
37,186,81,M,fit
29,187,71,F,fit
30,168,49,M,fit
15,179,53,M,fit
12,172,65,M,fit
33,172,46,F,fit
30,154,45,F,fit
6,125,22,F,fit
33,187,85,M,fit
13,130,60,M,not_fit
21,181,93,M,not_fit
40,170,87,F,not_fit
39,176,73,M,fit
12,132,37,M,fit
26,160,61,F,fit
17,177,66,M,fit
11,171,41,M,fit
11,140,69,M,not_fit
23,178,84,M,not_fit
9,97,15,M,fit
14,162,63,M,fit
5,133,22,F,not_fit
39,188,109,M,not_fit
34,171,52,M,fit
38,172,100,F,not_fit
21,178,81,F,not_fit
30,159,98,M,not_fit
6,134,19,F,not_fit
29,165,84,M,not_fit
9,130,22,M,not_fit
34,154,107,F,not_fit
6,106,20,M,fit
17,151,49,M,fit
30,186,65,M,fit
40,150,48,F,fit
23,179,107,M,not_fit
33,168,47,M,fit
40,188,99,F,not_fit
11,155,61,M,not_fit
9,110,12,F,not_fit
7,131,14,F,not_fit
6,125,35,F,fit
34,155,98,F,not_fit
35,153,81,F,not_fit
9,99,30,F,not_fit
12,173,47,M,fit
21,183,94,M,not_fit
8,128,20,M,not_fit
18,173,77,F,not_fit
32,174,51,M,fit
11,146,54,M,not_fit
25,159,52,M,fit
15,161,41,M,fit
37,182,89,F,not_fit
20,160,60,M,fit
29,162,58,F,fit
27,188,57,F,fit
33,168,100,F,not_fit
16,132,61,F,not_fit
14,169,35,M,not_fit
39,187,108,F,not_fit
37,157,100,M,not_fit
14,174,69,F,fit
12,134,30,F,fit
21,186,66,M,fit
39,169,63,F,fit
28,175,90,F,not_fit
30,188,68,M,fit
27,190,103,M,not_fit
27,151,73,M,not_fit
16,134,60,M,not_fit
21,152,79,F,not_fit
10,148,53,M,fit
7,114,31,M,fit
34,182,73,F,fit
17,161,31,F,not_fit
7,116,27,M,fit
38,159,74,M,not_fit
22,157,80,F,not_fit
10,141,30,F,fit
37,158,46,M,fit
29,156,49,F,fit
36,163,85,M,not_fit
36,180,96,F,not_fit
18,185,59,F,fit
24,160,76,M,not_fit
19,166,76,F,not_fit
40,177,73,F,fit
38,160,72,F,not_fit
21,186,94,M,not_fit
18,183,49,M,fit
16,164,38,F,fit
30,161,110,F,not_fit
31,190,74,F,fit
14,132,50,M,not_fit
9,94,14,F,fit
34,180,108,F,not_fit
29,159,45,M,fit
16,169,63,F,fit
15,176,46,M,fit
13,160,68,M,not_fit
40,167,51,F,fit
8,114,18,F,not_fit
40,177,99,F,not_fit
21,180,108,F,not_fit
13,149,56,M,not_fit
21,175,51,M,fit
10,151,64,M,not_fit
39,180,107,F,not_fit
36,155,81,M,not_fit
9,124,34,F,fit
29,152,60,M,not_fit
31,156,57,F,fit
23,152,102,F,not_fit
7,140,27,M,not_fit
23,153,57,M,fit
24,153,93,F,not_fit
28,159,75,M,not_fit
22,163,76,F,not_fit
33,162,109,F,not_fit
7,139,32,F,fit
33,157,63,M,not_fit
20,169,68,F,fit
24,161,76,F,not_fit
18,169,63,M,fit
17,159,33,M,not_fit
31,163,99,M,not_fit
35,162,109,M,not_fit
31,183,105,F,not_fit
38,153,106,M,not_fit
11,165,62,F,fit
31,188,108,M,not_fit
37,180,108,F,not_fit
33,171,109,M,not_fit
20,159,94,F,not_fit
7,127,13,F,not_fit
35,182,106,M,not_fit
15,144,63,F,not_fit
28,151,85,M,not_fit
29,170,51,F,fit
26,184,92,F,not_fit
40,167,64,M,fit
10,131,69,F,not_fit
9,103,21,F,fit
8,104,19,F,fit
14,169,44,M,fit
27,153,83,F,not_fit
12,163,43,F,fit
18,179,100,F,not_fit
15,146,53,M,fit
22,160,61,F,fit
15,144,33,M,fit
38,152,90,M,not_fit
36,161,46,F,fit
40,159,83,F,not_fit
9,136,29,F,fit
27,161,75,F,not_fit
19,184,93,F,not_fit
25,156,91,F,not_fit
15,158,35,F,fit
34,182,94,F,not_fit
6,111,27,F,fit
27,186,81,F,fit
37,157,94,M,not_fit
35,152,55,F,fit
23,181,65,M,fit
23,160,91,M,not_fit
21,174,84,M,not_fit
11,139,38,M,fit
15,133,65,F,not_fit
12,143,31,M,fit
19,168,78,M,not_fit
27,164,49,F,fit
29,166,60,F,fit
22,156,53,F,fit
26,172,67,M,fit
24,180,106,F,not_fit
7,96,18,M,fit
12,157,63,F,not_fit
18,160,86,M,not_fit
9,91,34,M,not_fit
12,170,55,M,fit
12,135,54,F,not_fit
11,167,46,M,fit
23,178,85,F,not_fit
21,165,72,M,not_fit
33,186,76,F,fit
29,159,89,M,not_fit
26,182,100,F,not_fit
13,161,53,F,fit
11,140,31,M,fit
11,139,55,F,not_fit
19,167,56,M,fit
9,139,27,M,not_fit
23,184,79,M,fit
23,180,47,F,fit
27,150,63,M,not_fit
36,172,100,F,not_fit
21,183,54,F,fit
32,157,88,M,not_fit
24,176,103,F,not_fit
23,181,106,M,not_fit
34,178,45,M,fit
29,185,78,M,fit
25,168,58,M,fit
26,150,61,F,not_fit
9,98,15,F,fit
39,151,45,M,fit
19,181,46,M,fit
16,175,36,F,not_fit
18,159,97,F,not_fit
15,137,61,M,not_fit
39,165,110,M,not_fit
25,186,66,F,fit
36,188,57,F,fit
35,161,98,F,not_fit
19,183,77,F,fit
31,157,70,F,not_fit
26,158,103,M,not_fit
35,159,97,M,not_fit
39,183,72,F,fit
21,155,80,F,not_fit
6,120,33,M,fit
30,159,57,M,fit
28,177,84,F,not_fit
21,189,65,M,fit
17,154,38,M,fit
28,160,103,F,not_fit
38,172,89,F,not_fit
18,177,105,M,not_fit
9,137,35,F,fit
9,129,31,F,fit
39,164,105,M,not_fit
29,188,105,F,not_fit
31,162,82,M,not_fit
34,170,104,F,not_fit
25,158,45,F,fit
17,168,59,F,fit
11,175,54,M,fit
24,163,108,M,not_fit
30,182,55,M,fit
32,170,71,M,fit
22,168,58,F,fit
19,152,68,M,not_fit
33,173,103,M,not_fit
35,154,108,M,not_fit
15,175,38,M,not_fit
15,137,65,M,not_fit
18,159,70,F,not_fit
22,161,81,M,not_fit
18,161,58,M,fit
29,161,55,F,fit
11,147,32,F,fit
28,155,45,F,fit
9,103,29,F,not_fit
9,98,19,F,fit
35,158,64,M,not_fit
23,173,48,F,fit
19,175,45,M,fit
11,146,40,F,fit
32,151,101,F,not_fit
12,163,54,M,fit
37,162,83,F,not_fit
24,180,49,M,fit
30,159,85,F,not_fit
11,131,66,F,not_fit
28,168,66,F,fit
6,108,32,F,not_fit
15,169,57,M,fit
32,184,106,F,not_fit
13,153,67,F,not_fit
29,152,107,F,not_fit
19,168,89,F,not_fit
21,163,62,M,fit
30,163,63,F,fit
39,170,109,F,not_fit
9,123,31,M,fit
30,175,93,M,not_fit
40,187,105,M,not_fit
33,155,109,M,not_fit
16,139,58,F,not_fit
8,94,17,M,fit
23,166,90,F,not_fit
37,169,99,M,not_fit
39,161,59,M,fit
9,92,16,F,fit
5,98,32,M,not_fit
35,189,93,F,not_fit
7,92,28,M,not_fit
40,161,105,M,not_fit
24,170,52,M,fit
36,158,45,F,fit
27,155,109,M,not_fit
39,173,98,F,not_fit
11,169,44,F,fit
26,182,69,M,fit
14,158,58,M,fit
12,145,51,F,fit
38,168,47,F,fit
34,150,91,M,not_fit
11,162,30,F,not_fit
6,91,20,M,fit
30,170,105,M,not_fit
36,177,75,F,fit
14,174,57,M,fit
19,189,85,M,fit
20,183,95,M,not_fit
25,182,51,F,fit
36,181,93,F,not_fit
23,173,102,M,not_fit
23,162,60,M,fit
9,101,25,M,fit
28,170,108,M,not_fit
10,179,55,M,fit
21,170,94,M,not_fit
8,95,18,F,fit
32,169,49,M,fit
31,176,75,F,fit
29,167,106,F,not_fit
13,159,61,F,fit
31,179,80,M,fit
15,178,69,F,fit
19,189,103,F,not_fit
20,169,97,F,not_fit
14,131,30,M,fit
22,159,67,F,not_fit
40,159,75,M,not_fit
24,154,82,M,not_fit
35,189,87,F,fit
27,168,69,M,fit
23,157,103,M,not_fit
33,185,63,M,fit
30,182,53,F,fit
30,185,55,F,fit
10,177,54,F,fit
15,172,40,M,not_fit
34,160,80,F,not_fit
29,180,64,M,fit
28,185,81,F,fit
12,160,54,M,fit
33,176,106,F,not_fit
25,177,79,M,not_fit
34,159,105,M,not_fit
26,190,85,F,fit
35,183,58,M,fit
39,161,46,F,fit
27,179,82,F,not_fit
25,178,96,M,not_fit
18,181,96,F,not_fit
14,149,36,F,fit
16,154,42,M,fit
34,181,74,M,fit
8,123,20,F,not_fit
10,162,50,M,fit
39,164,60,F,fit
32,176,47,M,fit
39,188,109,F,not_fit
19,178,89,F,not_fit
12,164,46,M,fit
34,175,67,F,fit
23,166,71,F,not_fit
40,184,108,F,not_fit
30,159,82,F,not_fit
19,174,69,M,fit
8,114,30,M,fit
29,174,68,M,fit
27,151,57,M,fit
38,152,50,M,fit
15,179,39,M,not_fit
39,163,96,F,not_fit
9,138,32,F,fit
17,150,49,F,fit
20,161,109,F,not_fit
14,144,55,M,not_fit
17,177,38,M,not_fit
36,163,48,F,fit
34,174,69,M,fit
8,137,20,M,not_fit
21,180,49,F,fit
27,187,72,M,fit
6,114,24,F,fit
33,173,106,M,not_fit
11,157,46,F,fit
7,101,35,M,not_fit
9,122,19,F,not_fit
21,161,101,M,not_fit
7,133,33,F,fit
16,150,51,M,fit
31,152,83,M,not_fit
29,152,105,F,not_fit
30,153,90,M,not_fit
24,154,93,M,not_fit
33,155,45,M,fit
26,167,49,F,fit
24,183,80,M,fit
38,172,67,M,fit
37,188,104,F,not_fit
14,163,42,M,fit
10,139,67,F,not_fit
21,163,96,F,not_fit
13,143,49,F,fit
29,165,45,F,fit
38,162,94,M,not_fit
20,156,97,M,not_fit
26,165,54,F,fit
25,161,94,F,not_fit
36,171,59,F,fit
11,176,67,M,fit
20,154,80,M,not_fit
10,151,32,F,fit
12,161,30,F,not_fit
14,136,55,M,not_fit
40,190,92,F,not_fit
27,179,73,M,fit
13,173,59,F,fit
10,165,57,F,fit
36,160,106,F,not_fit
19,186,65,M,fit
26,150,108,M,not_fit
39,172,45,F,fit
10,180,69,M,fit
24,167,81,F,not_fit
34,172,83,M,not_fit
14,137,45,M,fit
34,188,105,F,not_fit
18,184,53,M,fit
28,162,69,M,not_fit
37,158,101,M,not_fit
31,190,91,M,not_fit
36,152,48,F,fit
37,176,98,M,not_fit
12,178,31,F,not_fit
17,177,51,M,fit
38,173,86,M,not_fit
38,157,93,M,not_fit
21,162,67,M,not_fit
35,165,49,M,fit
13,173,59,M,fit
15,137,53,M,not_fit
39,163,86,F,not_fit
34,153,85,F,not_fit
16,154,30,F,not_fit
19,189,88,M,fit
24,185,94,M,not_fit
11,160,34,M,not_fit
38,150,47,M,fit
12,161,57,F,fit
20,182,45,M,not_fit
24,173,73,F,fit
19,171,110,F,not_fit
37,171,54,M,fit
23,188,50,M,fit
8,105,33,F,not_fit
27,179,59,F,fit
26,189,110,M,not_fit
28,166,91,M,not_fit
25,186,79,F,fit
25,164,57,M,fit
34,171,58,F,fit
25,165,96,M,not_fit
30,187,88,F,not_fit
33,167,88,F,not_fit
31,162,72,M,not_fit
30,169,72,F,not_fit
5,113,35,M,not_fit
5,138,35,M,fit
22,177,81,M,not_fit
26,159,56,M,fit
24,186,86,M,fit
21,178,62,F,fit
36,183,90,M,not_fit
29,161,73,M,not_fit
35,186,92,F,not_fit
34,168,58,M,fit
6,135,32,M,fit
21,184,51,M,fit
24,187,74,M,fit
28,166,55,M,fit
25,180,50,M,fit
34,174,75,M,fit
27,151,105,M,not_fit
15,130,60,M,not_fit
32,169,68,M,fit
9,132,28,F,fit
35,181,88,M,not_fit
27,187,91,M,not_fit
34,150,81,M,not_fit
5,97,20,M,fit
8,104,34,F,not_fit
25,185,53,M,fit
26,158,46,F,fit
13,156,66,F,not_fit
14,151,65,F,not_fit
31,154,94,F,not_fit
16,132,55,M,not_fit
33,184,90,F,not_fit
36,154,69,F,not_fit
32,180,88,F,not_fit
39,170,81,F,not_fit
27,151,101,M,not_fit
5,104,25,M,fit
13,151,41,M,fit
32,161,53,M,fit
30,160,92,M,not_fit
24,160,86,F,not_fit
37,156,93,M,not_fit
22,189,100,M,not_fit
17,136,45,M,fit
28,161,104,F,not_fit
22,176,98,F,not_fit
24,162,77,M,not_fit
37,180,109,F,not_fit
5,135,19,F,not_fit
35,164,74,F,not_fit
39,173,49,F,fit
16,134,61,F,not_fit
8,126,13,M,not_fit
24,188,101,F,not_fit
6,136,27,F,fit
9,91,24,M,not_fit
33,151,66,F,not_fit
38,177,75,F,fit
25,170,69,F,fit
25,173,45,F,fit
34,187,57,F,fit
11,161,61,F,fit
28,174,99,F,not_fit
24,165,53,M,fit
24,166,93,F,not_fit
5,95,14,F,fit
38,151,58,F,not_fit
10,136,42,M,fit
27,183,58,F,fit
17,158,69,F,not_fit
25,174,82,F,not_fit
12,145,39,F,fit
39,173,76,M,not_fit
27,178,106,M,not_fit
15,162,33,M,not_fit
8,114,22,M,fit
38,181,101,F,not_fit
32,182,84,M,not_fit
17,159,38,F,fit
7,91,27,F,not_fit
37,184,74,M,fit
25,189,76,M,fit
21,186,67,M,fit
26,179,45,F,fit
19,160,96,M,not_fit
34,188,83,M,fit
12,133,52,F,not_fit
22,161,57,F,fit
27,168,80,F,not_fit
7,107,14,F,not_fit
33,164,91,M,not_fit
21,150,87,F,not_fit
17,159,48,F,fit
39,155,108,M,not_fit
6,135,15,F,not_fit
22,169,103,F,not_fit
18,170,85,F,not_fit
36,152,90,F,not_fit
20,154,85,M,not_fit
37,158,94,M,not_fit
15,132,58,F,not_fit
8,133,13,F,not_fit
13,177,49,F,fit
18,188,58,M,fit
34,178,105,M,not_fit
12,159,37,F,fit
31,162,94,F,not_fit
9,99,29,M,not_fit
32,163,109,M,not_fit
21,151,78,F,not_fit
21,165,70,F,not_fit
34,175,68,M,fit
29,190,104,F,not_fit
9,103,24,M,fit
28,157,67,M,not_fit
20,181,52,M,fit
12,144,59,M,not_fit
23,159,93,F,not_fit
7,129,15,M,not_fit
40,152,60,F,not_fit
31,160,46,M,fit
18,150,59,M,not_fit
26,166,97,M,not_fit
20,172,83,M,not_fit
36,160,107,F,not_fit
7,122,35,M,fit
34,155,81,F,not_fit
18,155,105,F,not_fit
20,151,94,F,not_fit
25,166,97,F,not_fit
9,120,32,M,fit
11,139,69,F,not_fit
38,163,69,M,not_fit
34,161,74,M,not_fit
7,137,16,M,not_fit
14,157,56,F,fit
38,173,65,F,fit
5,133,15,F,not_fit
5,122,31,M,fit
14,173,35,M,not_fit
26,180,59,M,fit
32,190,71,F,fit
5,136,27,M,fit
23,154,58,F,fit
23,174,59,M,fit
40,172,50,F,fit
24,190,65,M,fit
10,169,48,F,fit
40,176,97,M,not_fit
8,125,25,F,fit
20,158,47,M,fit
33,167,88,F,not_fit
9,96,32,M,not_fit
6,96,14,M,fit
23,150,106,F,not_fit
37,183,73,M,fit
35,185,46,F,not_fit
6,109,12,F,not_fit
40,158,55,F,fit
36,188,51,M,fit
17,174,49,F,fit
36,160,70,F,not_fit
13,178,31,M,not_fit
25,167,46,M,fit
33,163,99,M,not_fit
33,170,104,M,not_fit
5,104,23,F,fit
27,164,100,F,not_fit
12,152,31,M,not_fit
9,137,25,M,not_fit
34,187,81,M,fit
7,92,20,F,fit
30,189,66,M,fit
34,183,92,F,not_fit
35,163,109,F,not_fit
13,149,50,F,fit
17,160,59,F,fit
27,186,103,M,not_fit
22,185,67,F,fit
14,157,42,M,fit
28,163,71,F,not_fit
31,177,87,F,not_fit
31,169,101,M,not_fit
28,156,68,F,not_fit
